Workbook
Name AvgOutLoad: data!$V$2
Name dataheaders: Table1[#Headers]
Name MaxKVload: data!$S$2
Name maxNthreshold: data!$BB$2
Name MaxTok: data!$AC$2
Name pivotby1: _xlfn.DROP(_xlfn.ANCHORARRAY(scatter!$A$3),1,0)

Sheet pivot-ITL
A1: E2E | B1: (All)
A2: B-ITL | B2: (All)
A3: B-Run | B3: (All)
A4: B-tok/req | B4: (All)
A5: In-Tok | B5: (All)
A6: Out-Tok | B6: (All)
A8: Average of ITL | B8: Column Labels
B9: 46104 | F9: 23/03/2026 Total | G9: 46092 | O9: 11/03/2026 Total
A10: Row Labels | B10: 1-15K,300 | C10: 5K,100-1800 | D10: 5K,200 | E10: 5K,500 | G10: 1-15K,300 | H10: 3K,100-1800 | I10: 5K,100-1800 | J10: 5K,1K | K10: 5K,200 | L10: 5K,300 | M10: 5K,500 | N10: 6K,100
A11: 0.010150558 | G11: 0.0065961989 | O11: 0.0065961989
A12: 0.011850272 | B12: 0.006621296 | F12: 0.006621296
A13: 0.016512173 | G13: 0.0070278515 | O13: 0.0070278515
A14: 0.016875257 | H14: 0.0084535996 | O14: 0.0084535996
A15: 0.019997642 | G15: 0.0072804041 | O15: 0.0072804041
A16: 0.025965865 | B16: 0.0074908518 | F16: 0.0074908518
A17: 0.027674918 | I17: 0.0096372251 | O17: 0.0096372251
A18: 0.031234376 | C18: 0.0096815497 | F18: 0.0096815497
A19: 0.035640373 | G19: 0.0080706953 | O19: 0.0080706953
A20: 0.036869666 | B20: 0.0081016796 | F20: 0.0081016796
A21: 0.039849347 | G21: 0.0082483981 | O21: 0.0082483981
A22: 0.041308812 | H22: 0.0090757149 | O22: 0.0090757149
A23: 0.044642703 | N23: 0.011061017 | O23: 0.011061017
A24: 0.046332213 | N24: 0.011654575 | O24: 0.011654575
A25: 0.055009626 | N25: 0.018346192 | O25: 0.018346192
A26: 0.055108174 | G26: 0.0090297684 | O26: 0.0090297684
A27: 0.057327386 | C27: 0.0099585362 | F27: 0.0099585362
A28: 0.057532059 | G28: 0.0093669172 | O28: 0.0093669172
A29: 0.05821955 | B29: 0.0090222427 | F29: 0.0090222427
A30: 0.058994914 | K30: 0.010721021 | O30: 0.010721021
A31: 0.059106974 | N31: 0.013275208 | O31: 0.013275208
A32: 0.059313421 | D32: 0.0096212234 | F32: 0.0096212234
A33: 0.060624515 | D33: 0.011228163 | F33: 0.011228163
A34: 0.062301221 | I34: 0.010460084 | O34: 0.010460084
A35: 0.063554866 | D35: 0.010864383 | F35: 0.010864383
A36: 0.063885297 | K36: 0.011288193 | O36: 0.011288193
A37: 0.068267103 | N37: 0.014768636 | O37: 0.014768636
A38: 0.068285949 | H38: 0.0097737484 | O38: 0.0097737484
A39: 0.069947993 | K39: 0.010464462 | O39: 0.010464462
A40: 0.071823119 | D40: 0.011404411 | F40: 0.011404411
A41: 0.078173154 | G41: 0.010746412 | O41: 0.010746412
A42: 0.079329368 | N42: 0.015918493 | O42: 0.015918493
A43: 0.080174123 | K43: 0.011873789 | O43: 0.011873789
A44: 0.080536161 | N44: 0.01508635 | O44: 0.01508635
A45: 0.080896043 | B45: 0.011071214 | F45: 0.011071214
A46: 0.084433993 | L46: 0.011154069 | O46: 0.011154069
A47: 0.08515128 | C47: 0.011780866 | F47: 0.011780866
A48: 0.089103957 | D48: 0.013399499 | F48: 0.013399499
A49: 0.093204609 | K49: 0.014219892 | O49: 0.014219892
A50: 0.095071419 | I50: 0.011342318 | O50: 0.011342318
A51: 0.095996897 | C51: 0.011676885 | F51: 0.011676885
A52: 0.096761055 | D52: 0.013324502 | F52: 0.013324502
A53: 0.098829462 | H53: 0.010705458 | O53: 0.010705458
A54: 0.10154584 | K54: 0.013731578 | O54: 0.013731578
A55: 0.10698368 | I55: 0.011075834 | O55: 0.011075834
A56: 0.11451878 | H56: 0.010615078 | O56: 0.010615078
A57: 0.11821179 | B57: 0.012433207 | F57: 0.012433207
A58: 0.12825331 | K58: 0.016155173 | O58: 0.016155173
A59: 0.1316921 | D59: 0.015942548 | F59: 0.015942548
A60: 0.1356726 | G60: 0.013768167 | O60: 0.013768167
A61: 0.13641674 | G61: 0.013314866 | O61: 0.013314866
A62: 0.13848806 | N62: 0.022143876 | O62: 0.022143876
A63: 0.14127518 | K63: 0.018282164 | O63: 0.018282164
A64: 0.14444789 | E64: 0.012235913 | F64: 0.012235913
A65: 0.15360973 | H65: 0.01150518 | O65: 0.01150518
A66: 0.15521076 | N66: 0.024129972 | O66: 0.024129972
A67: 0.15773468 | C67: 0.012692933 | F67: 0.012692933
A68: 0.15862684 | D68: 0.016929178 | F68: 0.016929178
A69: 0.15977502 | B69: 0.015848882 | F69: 0.015848882
A70: 0.16650847 | H70: 0.011636336 | O70: 0.011636336
A71: 0.1710386 | G71: 0.015553108 | O71: 0.015553108
A72: 0.17125822 | K72: 0.018460602 | O72: 0.018460602
A73: 0.17211701 | M73: 0.013253454 | O73: 0.013253454
A74: 0.17859033 | M74: 0.013675467 | O74: 0.013675467
A75: 0.17876261 | C75: 0.01281616 | F75: 0.01281616
A76: 0.18175718 | D76: 0.018620865 | F76: 0.018620865
A77: 0.18389449 | D77: 0.01995035 | F77: 0.01995035
A78: 0.18465843 | G78: 0.016170002 | O78: 0.016170002
A79: 0.20157099 | D79: 0.02332166 | F79: 0.02332166
A80: 0.20273827 | N80: 0.031643051 | O80: 0.031643051
A81: 0.21169131 | I81: 0.015406034 | O81: 0.015406034
A82: 0.21213114 | N82: 0.035378278 | O82: 0.035378278
A83: 0.21336193 | M83: 0.014772788 | O83: 0.014772788
A84: 0.2184872 | E84: 0.015036805 | F84: 0.015036805
A85: 0.21891389 | E85: 0.014532838 | F85: 0.014532838
A86: 0.22876618 | L86: 0.019149388 | O86: 0.019149388
A87: 0.2297618 | K87: 0.022218246 | O87: 0.022218246
A88: 0.2318622 | N88: 0.038194115 | O88: 0.038194115
A89: 0.23701577 | E89: 0.0157502 | F89: 0.0157502
A90: 0.23920276 | M90: 0.015582202 | O90: 0.015582202
A91: 0.24133771 | I91: 0.014934354 | O91: 0.014934354
A92: 0.2420481 | H92: 0.013493247 | O92: 0.013493247
A93: 0.25347282 | M93: 0.01607343 | O93: 0.01607343
A94: 0.25623739 | D94: 0.024031371 | F94: 0.024031371
A95: 0.26573096 | M95: 0.017040465 | O95: 0.017040465
A96: 0.27561762 | G96: 0.020987859 | O96: 0.020987859
A97: 0.27993276 | E97: 0.017185742 | F97: 0.017185742
A98: 0.28184352 | K98: 0.025528575 | O98: 0.025528575
A99: 0.29114818 | C99: 0.016223875 | F99: 0.016223875
A100: 0.29222768 | K100: 0.026751556 | O100: 0.026751556
A101: 0.29388673 | D101: 0.027285716 | F101: 0.027285716
...

Sheet ITL
A1: ='pivot-ITL'!A8 -> Average of ITL | B1: ='pivot-ITL'!B8 -> Column Labels | C1: ='pivot-ITL'!C8 -> 0 | D1: ='pivot-ITL'!D8 -> 0 | E1: ='pivot-ITL'!E8 -> 0 | F1: ='pivot-ITL'!F8 -> 0 | G1: ='pivot-ITL'!G8 -> 0 | H1: ='pivot-ITL'!H8 -> 0 | I1: ='pivot-ITL'!I8 -> 0
A2: Average of ITL | B2: 1-15K,300 | C2: 3K,100-1800 | D2: 5K,100-1800 | E2: 5K,1K | F2: 5K,200 | G2: 5K,300 | H2: 5K,500 | I2: 6K,100 | X2: X | Y2: Y
A3: 0.02 | B3: 0.0069681515 | C3: 0.0084535996 | D3: #N/A | E3: #N/A | F3: #N/A | G3: #N/A | H3: #N/A | I3: #N/A | X3: =Table2[[#This Row],[Average of ITL]] -> 0.02 | Y3: =_xlfn.IFNA(Table2[[#This Row],[6K,100]],"")
A4: 0.03 | B4: #N/A | C4: #N/A | D4: 0.0096372251 | E4: #N/A | F4: #N/A | G4: #N/A | H4: #N/A | I4: #N/A | X4: =Table2[[#This Row],[Average of ITL]] -> 0.03 | Y4: =_xlfn.IFNA(Table2[[#This Row],[6K,100]],"")
A5: 0.04 | B5: 0.0081595467 | C5: #N/A | D5: #N/A | E5: #N/A | F5: #N/A | G5: #N/A | H5: #N/A | I5: #N/A | X5: =Table2[[#This Row],[Average of ITL]] -> 0.04 | Y5: =_xlfn.IFNA(Table2[[#This Row],[6K,100]],"") | AB5: KV% | AC5: ITL[6k,100] | AD5: EST
A6: 0.05 | B6: #N/A | C6: 0.0090757149 | D6: #N/A | E6: #N/A | F6: #N/A | G6: #N/A | H6: #N/A | I6: 0.011357796 | X6: =Table2[[#This Row],[Average of ITL]] -> 0.05 | Y6: =_xlfn.IFNA(Table2[[#This Row],[6K,100]],"") -> 0.011357796 | AB6: 0.05 | AC6: 0.011357796 | AD6: {=TREND(AC6:AC27,AB6:AB27)} -> 0.012289916 | AE6: {=TREND(AC6:AC27,AB6:AB27,0.8)} -> 0.10346161
A7: 0.06 | B7: 0.0091983428 | C7: #N/A | D7: #N/A | E7: #N/A | F7: 0.010721021 | G7: #N/A | H7: #N/A | I7: 0.0158107 | X7: =Table2[[#This Row],[Average of ITL]] -> 0.06 | Y7: =_xlfn.IFNA(Table2[[#This Row],[6K,100]],"") -> 0.0158107 | AB7: 0.06 | AC7: 0.0158107 | AD7: 0.013505538
A8: 0.07 | B8: #N/A | C8: 0.0097737484 | D8: 0.010460084 | E8: #N/A | F8: 0.010876328 | G8: #N/A | H8: #N/A | I8: 0.014768636 | X8: =Table2[[#This Row],[Average of ITL]] -> 0.07 | Y8: =_xlfn.IFNA(Table2[[#This Row],[6K,100]],"") -> 0.014768636 | AB8: 0.07 | AC8: 0.014768636 | AD8: 0.014721161
A9: 0.08 | B9: 0.010746412 | C9: #N/A | D9: #N/A | E9: #N/A | F9: #N/A | G9: #N/A | H9: #N/A | I9: 0.015918493 | X9: =Table2[[#This Row],[Average of ITL]] -> 0.08 | Y9: =_xlfn.IFNA(Table2[[#This Row],[6K,100]],"") -> 0.015918493 | AB9: 0.08 | AC9: 0.015918493 | AD9: 0.015936784
A10: 0.09 | B10: #N/A | C10: #N/A | D10: #N/A | E10: #N/A | F10: 0.011873789 | G10: 0.011154069 | H10: #N/A | I10: 0.01508635 | X10: =Table2[[#This Row],[Average of ITL]] -> 0.09 | Y10: =_xlfn.IFNA(Table2[[#This Row],[6K,100]],"") -> 0.01508635 | AB10: 0.09 | AC10: 0.01508635 | AD10: 0.017152406
A11: 0.1 | B11: #N/A | C11: 0.010705458 | D11: 0.011342318 | E11: #N/A | F11: 0.014219892 | G11: #N/A | H11: #N/A | I11: #N/A | X11: =Table2[[#This Row],[Average of ITL]] -> 0.1 | Y11: =_xlfn.IFNA(Table2[[#This Row],[6K,100]],"") | AB11: 0.14 | AC11: 0.022143876 | AD11: 0.023230519
A12: 0.11 | B12: #N/A | C12: #N/A | D12: 0.011075834 | E12: #N/A | F12: 0.013731578 | G12: #N/A | H12: #N/A | I12: #N/A | X12: =Table2[[#This Row],[Average of ITL]] -> 0.11 | Y12: =_xlfn.IFNA(Table2[[#This Row],[6K,100]],"") | AB12: 0.16 | AC12: 0.024129972 | AD12: 0.025661764
A13: 0.12 | B13: #N/A | C13: 0.010615078 | D13: #N/A | E13: #N/A | F13: #N/A | G13: #N/A | H13: #N/A | I13: #N/A | X13: =Table2[[#This Row],[Average of ITL]] -> 0.12 | Y13: =_xlfn.IFNA(Table2[[#This Row],[6K,100]],"") | AB13: 0.21 | AC13: 0.031643051 | AD13: 0.031739877
A14: 0.13 | B14: #N/A | C14: #N/A | D14: #N/A | E14: #N/A | F14: 0.016155173 | G14: #N/A | H14: #N/A | I14: #N/A | X14: =Table2[[#This Row],[Average of ITL]] -> 0.13 | Y14: =_xlfn.IFNA(Table2[[#This Row],[6K,100]],"") | AB14: 0.22 | AC14: 0.035378278 | AD14: 0.0329555
A15: 0.14 | B15: 0.013541517 | C15: #N/A | D15: #N/A | E15: #N/A | F15: #N/A | G15: #N/A | H15: #N/A | I15: 0.022143876 | X15: =Table2[[#This Row],[Average of ITL]] -> 0.14 | Y15: =_xlfn.IFNA(Table2[[#This Row],[6K,100]],"") -> 0.022143876 | AB15: 0.24 | AC15: 0.038194115 | AD15: 0.035386745
A16: 0.15 | B16: #N/A | C16: #N/A | D16: #N/A | E16: #N/A | F16: 0.018282164 | G16: #N/A | H16: #N/A | I16: #N/A | X16: =Table2[[#This Row],[Average of ITL]] -> 0.15 | Y16: =_xlfn.IFNA(Table2[[#This Row],[6K,100]],"") | AB16: 0.33 | AC16: 0.045377524 | AD16: 0.046327348
A17: 0.16 | B17: #N/A | C17: 0.01150518 | D17: #N/A | E17: #N/A | F17: #N/A | G17: #N/A | H17: #N/A | I17: 0.024129972 | X17: =Table2[[#This Row],[Average of ITL]] -> 0.16 | Y17: =_xlfn.IFNA(Table2[[#This Row],[6K,100]],"") -> 0.024129972 | AB17: 0.4 | AC17: 0.056983425 | AD17: 0.054836706
A18: 0.17 | B18: #N/A | C18: 0.011636336 | D18: #N/A | E18: #N/A | F18: #N/A | G18: #N/A | H18: #N/A | I18: #N/A | X18: =Table2[[#This Row],[Average of ITL]] -> 0.17 | Y18: =_xlfn.IFNA(Table2[[#This Row],[6K,100]],"") | AB18: 0.41 | AC18: 0.055761779 | AD18: 0.056052329
A19: 0.18 | B19: 0.015553108 | C19: #N/A | D19: #N/A | E19: #N/A | F19: 0.018460602 | G19: #N/A | H19: 0.01346446 | I19: #N/A | X19: =Table2[[#This Row],[Average of ITL]] -> 0.18 | Y19: =_xlfn.IFNA(Table2[[#This Row],[6K,100]],"") | AB19: 0.54 | AC19: 0.070172334 | AD19: 0.071855422
A20: 0.19 | B20: 0.016170002 | C20: #N/A | D20: #N/A | E20: #N/A | F20: #N/A | G20: #N/A | H20: #N/A | I20: #N/A | X20: =Table2[[#This Row],[Average of ITL]] -> 0.19 | Y20: =_xlfn.IFNA(Table2[[#This Row],[6K,100]],"") | AB20: 0.7 | AC20: 0.084682442 | AD20: 0.091305384
A21: 0.21 | B21: #N/A | C21: #N/A | D21: #N/A | E21: #N/A | F21: #N/A | G21: #N/A | H21: #N/A | I21: 0.031643051 | X21: =Table2[[#This Row],[Average of ITL]] -> 0.21 | Y21: =_xlfn.IFNA(Table2[[#This Row],[6K,100]],"") -> 0.031643051 | AB21: 0.72 | AC21: 0.090844477 | AD21: 0.093736629
A22: 0.22 | B22: #N/A | C22: #N/A | D22: 0.015406034 | E22: #N/A | F22: #N/A | G22: #N/A | H22: 0.014772788 | I22: 0.035378278 | X22: =Table2[[#This Row],[Average of ITL]] -> 0.22 | Y22: =_xlfn.IFNA(Table2[[#This Row],[6K,100]],"") -> 0.035378278 | AB22: 0.74 | AC22: 0.097520763 | AD22: 0.096167874
A23: 0.23 | B23: #N/A | C23: #N/A | D23: #N/A | E23: #N/A | F23: 0.022218246 | G23: 0.019149388 | H23: #N/A | I23: #N/A | X23: =Table2[[#This Row],[Average of ITL]] -> 0.23 | Y23: =_xlfn.IFNA(Table2[[#This Row],[6K,100]],"") | AB23: 0.76 | AC23: 0.1046268 | AD23: 0.098599119
A24: 0.24 | B24: #N/A | C24: #N/A | D24: #N/A | E24: #N/A | F24: #N/A | G24: #N/A | H24: 0.015582202 | I24: 0.038194115 | X24: =Table2[[#This Row],[Average of ITL]] -> 0.24 | Y24: =_xlfn.IFNA(Table2[[#This Row],[6K,100]],"") -> 0.038194115 | AB24: 0.77 | AC24: 0.10106962 | AD24: 0.099814742
A25: 0.25 | B25: #N/A | C25: 0.013493247 | D25: 0.014934354 | E25: #N/A | F25: #N/A | G25: #N/A | H25: #N/A | I25: #N/A | X25: =Table2[[#This Row],[Average of ITL]] -> 0.25 | Y25: =_xlfn.IFNA(Table2[[#This Row],[6K,100]],"") | AB25: 0.79 | AC25: 0.096583569 | AD25: 0.10224599
A26: 0.26 | B26: #N/A | C26: #N/A | D26: #N/A | E26: #N/A | F26: #N/A | G26: #N/A | H26: 0.01607343 | I26: #N/A | X26: =Table2[[#This Row],[Average of ITL]] -> 0.26 | Y26: =_xlfn.IFNA(Table2[[#This Row],[6K,100]],"") | AB26: 0.8 | AC26: 0.10782965 | AD26: 0.10346161
A27: 0.27 | B27: #N/A | C27: #N/A | D27: #N/A | E27: #N/A | F27: #N/A | G27: #N/A | H27: 0.017040465 | I27: #N/A | X27: =Table2[[#This Row],[Average of ITL]] -> 0.27 | Y27: =_xlfn.IFNA(Table2[[#This Row],[6K,100]],"") | AB27: 0.85 | AC27: 0.11063944 | AD27: 0.10953972
A28: 0.28 | B28: 0.020987859 | C28: #N/A | D28: #N/A | E28: #N/A | F28: #N/A | G28: #N/A | H28: #N/A | I28: #N/A | X28: =Table2[[#This Row],[Average of ITL]] -> 0.28 | Y28: =_xlfn.IFNA(Table2[[#This Row],[6K,100]],"")
A29: 0.29 | B29: #N/A | C29: #N/A | D29: #N/A | E29: #N/A | F29: 0.025528575 | G29: #N/A | H29: #N/A | I29: #N/A | X29: =Table2[[#This Row],[Average of ITL]] -> 0.29 | Y29: =_xlfn.IFNA(Table2[[#This Row],[6K,100]],"")
A30: 0.3 | B30: #N/A | C30: #N/A | D30: 0.01607506 | E30: #N/A | F30: 0.026751556 | G30: #N/A | H30: #N/A | I30: #N/A | X30: =Table2[[#This Row],[Average of ITL]] -> 0.3 | Y30: =_xlfn.IFNA(Table2[[#This Row],[6K,100]],"")
A31: 0.31 | B31: #N/A | C31: #N/A | D31: #N/A | E31: #N/A | F31: #N/A | G31: #N/A | H31: 0.017937609 | I31: #N/A | X31: =Table2[[#This Row],[Average of ITL]] -> 0.31 | Y31: =_xlfn.IFNA(Table2[[#This Row],[6K,100]],"")
A32: 0.32 | B32: #N/A | C32: #N/A | D32: 0.016149981 | E32: #N/A | F32: #N/A | G32: #N/A | H32: #N/A | I32: #N/A | X32: =Table2[[#This Row],[Average of ITL]] -> 0.32 | Y32: =_xlfn.IFNA(Table2[[#This Row],[6K,100]],"")
A33: 0.33 | B33: #N/A | C33: #N/A | D33: #N/A | E33: #N/A | F33: #N/A | G33: #N/A | H33: #N/A | I33: 0.045377524 | X33: =Table2[[#This Row],[Average of ITL]] -> 0.33 | Y33: =_xlfn.IFNA(Table2[[#This Row],[6K,100]],"") -> 0.045377524
A34: 0.34 | B34: 0.024352672 | C34: #N/A | D34: #N/A | E34: #N/A | F34: #N/A | G34: 0.024075493 | H34: 0.019511345 | I34: #N/A | X34: =Table2[[#This Row],[Average of ITL]] -> 0.34 | Y34: =_xlfn.IFNA(Table2[[#This Row],[6K,100]],"")
A35: 0.36 | B35: #N/A | C35: 0.01646855 | D35: #N/A | E35: #N/A | F35: #N/A | G35: #N/A | H35: #N/A | I35: #N/A | X35: =Table2[[#This Row],[Average of ITL]] -> 0.36 | Y35: =_xlfn.IFNA(Table2[[#This Row],[6K,100]],"")
A36: 0.37 | B36: #N/A | C36: #N/A | D36: #N/A | E36: #N/A | F36: 0.031966867 | G36: #N/A | H36: #N/A | I36: #N/A | X36: =Table2[[#This Row],[Average of ITL]] -> 0.37 | Y36: =_xlfn.IFNA(Table2[[#This Row],[6K,100]],"")
A37: 0.38 | B37: #N/A | C37: 0.01749442 | D37: #N/A | E37: #N/A | F37: #N/A | G37: #N/A | H37: #N/A | I37: #N/A | X37: =Table2[[#This Row],[Average of ITL]] -> 0.38 | Y37: =_xlfn.IFNA(Table2[[#This Row],[6K,100]],"")
A38: 0.4 | B38: #N/A | C38: #N/A | D38: 0.017961932 | E38: #N/A | F38: #N/A | G38: #N/A | H38: #N/A | I38: 0.056983425 | X38: =Table2[[#This Row],[Average of ITL]] -> 0.4 | Y38: =_xlfn.IFNA(Table2[[#This Row],[6K,100]],"") -> 0.056983425
A39: 0.41 | B39: #N/A | C39: #N/A | D39: #N/A | E39: #N/A | F39: #N/A | G39: #N/A | H39: #N/A | I39: 0.055761779 | X39: =Table2[[#This Row],[Average of ITL]] -> 0.41 | Y39: =_xlfn.IFNA(Table2[[#This Row],[6K,100]],"") -> 0.055761779
A40: 0.42 | B40: #N/A | C40: 0.017667547 | D40: #N/A | E40: 0.019820489 | F40: 0.038099702 | G40: #N/A | H40: #N/A | I40: #N/A | X40: =Table2[[#This Row],[Average of ITL]] -> 0.42 | Y40: =_xlfn.IFNA(Table2[[#This Row],[6K,100]],"")
A41: 0.44 | B41: #N/A | C41: #N/A | D41: 0.018766042 | E41: #N/A | F41: #N/A | G41: #N/A | H41: #N/A | I41: #N/A | X41: =Table2[[#This Row],[Average of ITL]] -> 0.44 | Y41: =_xlfn.IFNA(Table2[[#This Row],[6K,100]],"")
A42: 0.46 | B42: 0.029957436 | C42: #N/A | D42: #N/A | E42: #N/A | F42: #N/A | G42: #N/A | H42: #N/A | I42: #N/A | X42: =Table2[[#This Row],[Average of ITL]] -> 0.46 | Y42: =_xlfn.IFNA(Table2[[#This Row],[6K,100]],"")
A43: 0.47 | B43: #N/A | C43: 0.018797775 | D43: #N/A | E43: #N/A | F43: 0.040627823 | G43: 0.036757738 | H43: #N/A | I43: #N/A | X43: =Table2[[#This Row],[Average of ITL]] -> 0.47 | Y43: =_xlfn.IFNA(Table2[[#This Row],[6K,100]],"")
A44: 0.48 | B44: #N/A | C44: #N/A | D44: #N/A | E44: #N/A | F44: #N/A | G44: #N/A | H44: 0.02611912 | I44: #N/A | X44: =Table2[[#This Row],[Average of ITL]] -> 0.48 | Y44: =_xlfn.IFNA(Table2[[#This Row],[6K,100]],"")
A45: 0.49 | B45: #N/A | C45: 0.019955833 | D45: #N/A | E45: #N/A | F45: #N/A | G45: #N/A | H45: 0.0268986 | I45: #N/A | X45: =Table2[[#This Row],[Average of ITL]] -> 0.49 | Y45: =_xlfn.IFNA(Table2[[#This Row],[6K,100]],"")
A46: 0.5 | B46: #N/A | C46: #N/A | D46: 0.020872183 | E46: #N/A | F46: #N/A | G46: #N/A | H46: 0.027495596 | I46: #N/A | X46: =Table2[[#This Row],[Average of ITL]] -> 0.5 | Y46: =_xlfn.IFNA(Table2[[#This Row],[6K,100]],"")
A47: 0.52 | B47: #N/A | C47: #N/A | D47: 0.020326716 | E47: #N/A | F47: #N/A | G47: #N/A | H47: #N/A | I47: #N/A | X47: =Table2[[#This Row],[Average of ITL]] -> 0.52 | Y47: =_xlfn.IFNA(Table2[[#This Row],[6K,100]],"")
A48: 0.53 | B48: #N/A | C48: 0.020456071 | D48: #N/A | E48: #N/A | F48: #N/A | G48: 0.039154184 | H48: #N/A | I48: #N/A | X48: =Table2[[#This Row],[Average of ITL]] -> 0.53 | Y48: =_xlfn.IFNA(Table2[[#This Row],[6K,100]],"")
A49: 0.54 | B49: #N/A | C49: #N/A | D49: #N/A | E49: #N/A | F49: #N/A | G49: #N/A | H49: #N/A | I49: 0.070172334 | X49: =Table2[[#This Row],[Average of ITL]] -> 0.54 | Y49: =_xlfn.IFNA(Table2[[#This Row],[6K,100]],"") -> 0.070172334
A50: 0.55 | B50: #N/A | C50: #N/A | D50: #N/A | E50: 0.022116626 | F50: 0.046991688 | G50: #N/A | H50: #N/A | I50: #N/A | X50: =Table2[[#This Row],[Average of ITL]] -> 0.55 | Y50: =_xlfn.IFNA(Table2[[#This Row],[6K,100]],"")
A51: 0.57 | B51: #N/A | C51: #N/A | D51: 0.021851781 | E51: 0.023147636 | F51: #N/A | G51: #N/A | H51: #N/A | I51: #N/A | X51: =Table2[[#This Row],[Average of ITL]] -> 0.57 | Y51: =_xlfn.IFNA(Table2[[#This Row],[6K,100]],"")
A52: 0.58 | B52: #N/A | C52: #N/A | D52: #N/A | E52: #N/A | F52: 0.053520305 | G52: #N/A | H52: #N/A | I52: #N/A | X52: =Table2[[#This Row],[Average of ITL]] -> 0.58 | Y52: =_xlfn.IFNA(Table2[[#This Row],[6K,100]],"")
A53: 0.59 | B53: #N/A | C53: 0.021612714 | D53: #N/A | E53: #N/A | F53: 0.051818445 | G53: #N/A | H53: #N/A | I53: #N/A | X53: =Table2[[#This Row],[Average of ITL]] -> 0.59 | Y53: =_xlfn.IFNA(Table2[[#This Row],[6K,100]],"")
A54: 0.61 | B54: #N/A | C54: #N/A | D54: #N/A | E54: #N/A | F54: #N/A | G54: #N/A | H54: 0.030594831 | I54: #N/A | X54: =Table2[[#This Row],[Average of ITL]] -> 0.61 | Y54: =_xlfn.IFNA(Table2[[#This Row],[6K,100]],"")
A55: 0.62 | B55: #N/A | C55: #N/A | D55: #N/A | E55: #N/A | F55: 0.053882808 | G55: #N/A | H55: 0.031481167 | I55: #N/A | X55: =Table2[[#This Row],[Average of ITL]] -> 0.62 | Y55: =_xlfn.IFNA(Table2[[#This Row],[6K,100]],"")
A56: 0.63 | B56: #N/A | C56: #N/A | D56: #N/A | E56: #N/A | F56: 0.054876145 | G56: #N/A | H56: #N/A | I56: #N/A | X56: =Table2[[#This Row],[Average of ITL]] -> 0.63 | Y56: =_xlfn.IFNA(Table2[[#This Row],[6K,100]],"")
A57: 0.64 | B57: 0.043304767 | C57: 0.02241282 | D57: #N/A | E57: #N/A | F57: #N/A | G57: #N/A | H57: #N/A | I57: #N/A | X57: =Table2[[#This Row],[Average of ITL]] -> 0.64 | Y57: =_xlfn.IFNA(Table2[[#This Row],[6K,100]],"")
A58: 0.66 | B58: #N/A | C58: 0.023826843 | D58: #N/A | E58: 0.027029909 | F58: #N/A | G58: #N/A | H58: #N/A | I58: #N/A | X58: =Table2[[#This Row],[Average of ITL]] -> 0.66 | Y58: =_xlfn.IFNA(Table2[[#This Row],[6K,100]],"")
A59: 0.67 | B59: #N/A | C59: 0.022953773 | D59: #N/A | E59: #N/A | F59: #N/A | G59: #N/A | H59: #N/A | I59: #N/A | X59: =Table2[[#This Row],[Average of ITL]] -> 0.67 | Y59: =_xlfn.IFNA(Table2[[#This Row],[6K,100]],"")
A60: 0.68 | B60: #N/A | C60: #N/A | D60: 0.024655918 | E60: 0.027770829 | F60: #N/A | G60: #N/A | H60: #N/A | I60: #N/A | X60: =Table2[[#This Row],[Average of ITL]] -> 0.68 | Y60: =_xlfn.IFNA(Table2[[#This Row],[6K,100]],"")
A61: 0.69 | B61: #N/A | C61: #N/A | D61: 0.024125358 | E61: #N/A | F61: #N/A | G61: #N/A | H61: #N/A | I61: #N/A | X61: =Table2[[#This Row],[Average of ITL]] -> 0.69 | Y61: =_xlfn.IFNA(Table2[[#This Row],[6K,100]],"")
A62: 0.7 | B62: #N/A | C62: #N/A | D62: 0.024144724 | E62: 0.028225682 | F62: #N/A | G62: #N/A | H62: #N/A | I62: 0.084682442 | X62: =Table2[[#This Row],[Average of ITL]] -> 0.7 | Y62: =_xlfn.IFNA(Table2[[#This Row],[6K,100]],"") -> 0.084682442
A63: 0.72 | B63: 0.046663192 | C63: #N/A | D63: 0.024853056 | E63: #N/A | F63: #N/A | G63: #N/A | H63: #N/A | I63: 0.090844477 | X63: =Table2[[#This Row],[Average of ITL]] -> 0.72 | Y63: =_xlfn.IFNA(Table2[[#This Row],[6K,100]],"") -> 0.090844477
A64: 0.74 | B64: #N/A | C64: #N/A | D64: #N/A | E64: #N/A | F64: #N/A | G64: #N/A | H64: #N/A | I64: 0.097520763 | X64: =Table2[[#This Row],[Average of ITL]] -> 0.74 | Y64: =_xlfn.IFNA(Table2[[#This Row],[6K,100]],"") -> 0.097520763
A65: 0.75 | B65: #N/A | C65: #N/A | D65: #N/A | E65: #N/A | F65: #N/A | G65: #N/A | H65: 0.037746585 | I65: #N/A | X65: =Table2[[#This Row],[Average of ITL]] -> 0.75 | Y65: =_xlfn.IFNA(Table2[[#This Row],[6K,100]],"")
A66: 0.76 | B66: #N/A | C66: #N/A | D66: #N/A | E66: #N/A | F66: #N/A | G66: 0.049975882 | H66: 0.036644342 | I66: 0.1046268 | X66: =Table2[[#This Row],[Average of ITL]] -> 0.76 | Y66: =_xlfn.IFNA(Table2[[#This Row],[6K,100]],"") -> 0.1046268
A67: 0.77 | B67: #N/A | C67: #N/A | D67: #N/A | E67: #N/A | F67: #N/A | G67: #N/A | H67: #N/A | I67: 0.10106962 | X67: =Table2[[#This Row],[Average of ITL]] -> 0.77 | Y67: =_xlfn.IFNA(Table2[[#This Row],[6K,100]],"") -> 0.10106962
A68: 0.78 | B68: 0.049184309 | C68: #N/A | D68: #N/A | E68: #N/A | F68: #N/A | G68: #N/A | H68: #N/A | I68: #N/A | X68: =Table2[[#This Row],[Average of ITL]] -> 0.78 | Y68: =_xlfn.IFNA(Table2[[#This Row],[6K,100]],"")
A69: 0.79 | B69: #N/A | C69: #N/A | D69: #N/A | E69: #N/A | F69: #N/A | G69: #N/A | H69: #N/A | I69: 0.096583569 | X69: =Table2[[#This Row],[Average of ITL]] -> 0.79 | Y69: =_xlfn.IFNA(Table2[[#This Row],[6K,100]],"") -> 0.096583569
A70: 0.8 | B70: #N/A | C70: #N/A | D70: #N/A | E70: #N/A | F70: #N/A | G70: #N/A | H70: #N/A | I70: 0.10782965 | X70: =Table2[[#This Row],[Average of ITL]] -> 0.8 | Y70: =_xlfn.IFNA(Table2[[#This Row],[6K,100]],"") -> 0.10782965
A71: 0.82 | B71: 0.049659703 | C71: #N/A | D71: #N/A | E71: #N/A | F71: #N/A | G71: #N/A | H71: 0.039853278 | I71: #N/A | X71: =Table2[[#This Row],[Average of ITL]] -> 0.82 | Y71: =_xlfn.IFNA(Table2[[#This Row],[6K,100]],"")
A72: 0.85 | B72: #N/A | C72: #N/A | D72: #N/A | E72: #N/A | F72: #N/A | G72: #N/A | H72: 0.040333053 | I72: 0.11063944 | X72: =Table2[[#This Row],[Average of ITL]] -> 0.85 | Y72: =_xlfn.IFNA(Table2[[#This Row],[6K,100]],"") -> 0.11063944
A73: 0.86 | B73: 0.054880265 | C73: #N/A | D73: #N/A | E73: #N/A | F73: #N/A | G73: #N/A | H73: #N/A | I73: #N/A | X73: =Table2[[#This Row],[Average of ITL]] -> 0.86 | Y73: =_xlfn.IFNA(Table2[[#This Row],[6K,100]],"")
A74: 0.87 | B74: 0.055731671 | C74: #N/A | D74: #N/A | E74: #N/A | F74: #N/A | G74: #N/A | H74: 0.04077024 | I74: #N/A | X74: =Table2[[#This Row],[Average of ITL]] -> 0.87 | Y74: =_xlfn.IFNA(Table2[[#This Row],[6K,100]],"")
A75: 0.88 | B75: 0.053791037 | C75: #N/A | D75: #N/A | E75: #N/A | F75: #N/A | G75: #N/A | H75: #N/A | I75: #N/A | X75: =Table2[[#This Row],[Average of ITL]] -> 0.88 | Y75: =_xlfn.IFNA(Table2[[#This Row],[6K,100]],"")
A76: 0.89 | B76: 0.05398783 | C76: #N/A | D76: #N/A | E76: #N/A | F76: #N/A | G76: #N/A | H76: #N/A | I76: #N/A | X76: =Table2[[#This Row],[Average of ITL]] -> 0.89 | Y76: =_xlfn.IFNA(Table2[[#This Row],[6K,100]],"")
A77: 0.91 | B77: 0.053599857 | C77: #N/A | D77: #N/A | E77: #N/A | F77: #N/A | G77: #N/A | H77: #N/A | I77: #N/A | X77: =Table2[[#This Row],[Average of ITL]] -> 0.91 | Y77: =_xlfn.IFNA(Table2[[#This Row],[6K,100]],"")

Sheet pivot-prefill
A1: In-Tok | B1: (All)
A2: RPS | B2: (All)
B4: Column Labels
B5: 5K,1K | D5: 5K,200 | F5: 5K,300 | H5: 5K,500 | J5: 6K,100 | AA5: Average of Prefill | AB5: 1-15K,300 | AC5: 3K,100-1800 | AD5: 5K,100-1800 | AE5: 5K,1K | AF5: 5K,200 | AG5: 5K,300 | AH5: 5K,500 | AI5: 6K,100
A6: Row Labels | B6: Average of Run | C6: Average of Prefill | D6: Average of Run | E6: Average of Prefill | F6: Average of Run | G6: Average of Prefill | H6: Average of Run | I6: Average of Prefill | J6: Average of Run | K6: Average of Prefill | AA6: 0.010150558 | AB6: 0.032088905 | AC6: #N/A | AD6: #N/A | AE6: #N/A | AF6: #N/A | AG6: #N/A | AH6: #N/A | AI6: #N/A
A7: 0.05 | J7: 2.9074074 | K7: 0.18337235 | AA7: 0.016512173 | AB7: 0.033712867 | AC7: #N/A | AD7: #N/A | AE7: #N/A | AF7: #N/A | AG7: #N/A | AH7: #N/A | AI7: #N/A
A8: 0.06 | D8: 4.4907407 | E8: 0.14609779 | J8: 3.6481481 | K8: 0.20840024 | AA8: 0.016875257 | AB8: #N/A | AC8: 0.084236844 | AD8: #N/A | AE8: #N/A | AF8: #N/A | AG8: #N/A | AH8: #N/A | AI8: #N/A
A9: 0.07 | D9: 4.8953704 | E9: 0.1510088 | J9: 4.3703704 | K9: 0.20094197 | AA9: 0.019997642 | AB9: 0.054781456 | AC9: #N/A | AD9: #N/A | AE9: #N/A | AF9: #N/A | AG9: #N/A | AH9: #N/A | AI9: #N/A
A10: 0.08 | D10: 5.45 | E10: 0.16247662 | J10: 5.0740741 | K10: 0.21283559 | AA10: 0.027674918 | AB10: #N/A | AC10: #N/A | AD10: 0.14001906 | AE10: #N/A | AF10: #N/A | AG10: #N/A | AH10: #N/A | AI10: #N/A
A11: 0.09 | D11: 6.412037 | E11: 0.15414381 | F11: 6.3333333 | G11: 0.14532217 | J11: 5.1481481 | K11: 0.20026414 | AA11: 0.035640373 | AB11: 0.056468852 | AC11: #N/A | AD11: #N/A | AE11: #N/A | AF11: #N/A | AG11: #N/A | AH11: #N/A | AI11: #N/A
A12: 0.1 | D12: 7.212037 | E12: 0.16585312 | AA12: 0.039849347 | AB12: 0.081037996 | AC12: #N/A | AD12: #N/A | AE12: #N/A | AF12: #N/A | AG12: #N/A | AH12: #N/A | AI12: #N/A
A13: 0.11 | D13: 7.7037037 | E13: 0.16607952 | AA13: 0.041308812 | AB13: #N/A | AC13: 0.089675798 | AD13: #N/A | AE13: #N/A | AF13: #N/A | AG13: #N/A | AH13: #N/A | AI13: #N/A
A14: 0.13 | D14: 9.7407407 | E14: 0.18404528 | AA14: 0.044642703 | AB14: #N/A | AC14: #N/A | AD14: #N/A | AE14: #N/A | AF14: #N/A | AG14: #N/A | AH14: #N/A | AI14: 0.18273022
A15: 0.14 | D15: 9.9944444 | E15: 0.18370498 | J15: 8.8518519 | K15: 0.24826633 | AA15: 0.046332213 | AB15: #N/A | AC15: #N/A | AD15: #N/A | AE15: #N/A | AF15: #N/A | AG15: #N/A | AH15: #N/A | AI15: 0.18401448
A16: 0.15 | D16: 10.740741 | E16: 0.20070684 | H16: 10.633333 | I16: 0.15313947 | AA16: 0.055009626 | AB16: #N/A | AC16: #N/A | AD16: #N/A | AE16: #N/A | AF16: #N/A | AG16: #N/A | AH16: #N/A | AI16: 0.22444158
A17: 0.16 | D17: 12.05 | E17: 0.1740129 | J17: 9.9259259 | K17: 0.2650008 | AA17: 0.055108174 | AB17: 0.10961615 | AC17: #N/A | AD17: #N/A | AE17: #N/A | AF17: #N/A | AG17: #N/A | AH17: #N/A | AI17: #N/A
A18: 0.18 | D18: 13 | E18: 0.20060908 | H18: 12.926471 | I18: 0.15110482 | AA18: 0.057532059 | AB18: 0.090780137 | AC18: #N/A | AD18: #N/A | AE18: #N/A | AF18: #N/A | AG18: #N/A | AH18: #N/A | AI18: #N/A
A19: 0.19 | D19: 13.875 | E19: 0.18713431 | AA19: 0.058994914 | AB19: #N/A | AC19: #N/A | AD19: #N/A | AE19: #N/A | AF19: 0.1488431 | AG19: #N/A | AH19: #N/A | AI19: #N/A
A20: 0.21 | D20: 15.3 | E20: 0.20479114 | J20: 12.962963 | K20: 0.3443539 | AA20: 0.059106974 | AB20: #N/A | AC20: #N/A | AD20: #N/A | AE20: #N/A | AF20: #N/A | AG20: #N/A | AH20: #N/A | AI20: 0.1923589
A21: 0.22 | H21: 16.021569 | I21: 0.15906984 | J21: 13.555556 | K21: 0.3306239 | AA21: 0.062301221 | AB21: #N/A | AC21: #N/A | AD21: 0.1413164 | AE21: #N/A | AF21: #N/A | AG21: #N/A | AH21: #N/A | AI21: #N/A
A22: 0.23 | D22: 17.407407 | E22: 0.21021472 | F22: 17.313369 | G22: 0.26971128 | AA22: 0.063885297 | AB22: #N/A | AC22: #N/A | AD22: #N/A | AE22: #N/A | AF22: 0.15019184 | AG22: #N/A | AH22: #N/A | AI22: #N/A
A23: 0.24 | H23: 17.590196 | I23: 0.16688995 | J23: 14.888889 | K23: 0.49033358 | AA23: 0.068267103 | AB23: #N/A | AC23: #N/A | AD23: #N/A | AE23: #N/A | AF23: #N/A | AG23: #N/A | AH23: #N/A | AI23: 0.20094197
A24: 0.26 | D24: 19.45 | E24: 0.21398529 | H24: 18.705882 | I24: 0.17102829 | AA24: 0.068285949 | AB24: #N/A | AC24: 0.089116245 | AD24: #N/A | AE24: #N/A | AF24: #N/A | AG24: #N/A | AH24: #N/A | AI24: #N/A
A25: 0.27 | H25: 19.601103 | I25: 0.1847855 | AA25: 0.069947993 | AB25: #N/A | AC25: #N/A | AD25: #N/A | AE25: #N/A | AF25: 0.14817791 | AG25: #N/A | AH25: #N/A | AI25: #N/A
A26: 0.28 | H26: 20.666667 | I26: 0.16331144 | AA26: 0.078173154 | AB26: 0.1418856 | AC26: #N/A | AD26: #N/A | AE26: #N/A | AF26: #N/A | AG26: #N/A | AH26: #N/A | AI26: #N/A
A27: 0.29 | D27: 21.407407 | E27: 0.25286004 | AA27: 0.079329368 | AB27: #N/A | AC27: #N/A | AD27: #N/A | AE27: #N/A | AF27: #N/A | AG27: #N/A | AH27: #N/A | AI27: 0.21283559
A28: 0.3 | D28: 22.199074 | E28: 0.25441059 | AA28: 0.080174123 | AB28: #N/A | AC28: #N/A | AD28: #N/A | AE28: #N/A | AF28: 0.15084291 | AG28: #N/A | AH28: #N/A | AI28: #N/A
A29: 0.31 | H29: 22.841912 | I29: 0.17878857 | AA29: 0.080536161 | AB29: #N/A | AC29: #N/A | AD29: #N/A | AE29: #N/A | AF29: #N/A | AG29: #N/A | AH29: #N/A | AI29: 0.20026414
A30: 0.33 | J30: 21 | K30: 0.38217349 | AA30: 0.084433993 | AB30: #N/A | AC30: #N/A | AD30: #N/A | AE30: #N/A | AF30: #N/A | AG30: 0.14532217 | AH30: #N/A | AI30: #N/A
A31: 0.34 | F31: 25.670308 | G31: 0.24776598 | H31: 25.029412 | I31: 0.18453547 | AA31: 0.093204609 | AB31: #N/A | AC31: #N/A | AD31: #N/A | AE31: #N/A | AF31: 0.16534524 | AG31: #N/A | AH31: #N/A | AI31: #N/A
A32: 0.37 | D32: 27.465278 | E32: 0.4245559 | AA32: 0.095071419 | AB32: #N/A | AC32: #N/A | AD32: 0.14455132 | AE32: #N/A | AF32: #N/A | AG32: #N/A | AH32: #N/A | AI32: #N/A
A33: 0.4 | H33: 29.066667 | I33: 0.18832898 | J33: 25.074074 | K33: 0.58959784 | AA33: 0.098829462 | AB33: #N/A | AC33: 0.091278881 | AD33: #N/A | AE33: #N/A | AF33: #N/A | AG33: #N/A | AH33: #N/A | AI33: #N/A
A34: 0.41 | J34: 26.222222 | K34: 0.50133486 | AA34: 0.10154584 | AB34: #N/A | AC34: #N/A | AD34: #N/A | AE34: #N/A | AF34: 0.16607952 | AG34: #N/A | AH34: #N/A | AI34: #N/A
A35: 0.42 | B35: 29.425 | C35: 0.18708274 | D35: 31.962963 | E35: 0.86688896 | AA35: 0.10698368 | AB35: #N/A | AC35: #N/A | AD35: 0.14438882 | AE35: #N/A | AF35: #N/A | AG35: #N/A | AH35: #N/A | AI35: #N/A
A36: 0.47 | D36: 35.592593 | E36: 0.9873428 | F36: 35.057407 | G36: 0.94486021 | AA36: 0.11451878 | AB36: #N/A | AC36: 0.091119562 | AD36: #N/A | AE36: #N/A | AF36: #N/A | AG36: #N/A | AH36: #N/A | AI36: #N/A
A37: 0.48 | H37: 35.349074 | I37: 0.55566616 | AA37: 0.12825331 | AB37: #N/A | AC37: #N/A | AD37: #N/A | AE37: #N/A | AF37: 0.18404528 | AG37: #N/A | AH37: #N/A | AI37: #N/A
A38: 0.49 | H38: 35.857143 | I38: 0.5298049 | AA38: 0.1356726 | AB38: 0.17264718 | AC38: #N/A | AD38: #N/A | AE38: #N/A | AF38: #N/A | AG38: #N/A | AH38: #N/A | AI38: #N/A
A39: 0.5 | D39: 37.6 | E39: 0.25079317 | H39: 36.846154 | I39: 1.0975149 | AA39: 0.13641674 | AB39: 0.12824057 | AC39: #N/A | AD39: #N/A | AE39: #N/A | AF39: #N/A | AG39: #N/A | AH39: #N/A | AI39: #N/A
A40: 0.51 | H40: 37.066667 | I40: 0.18566078 | AA40: 0.13848806 | AB40: #N/A | AC40: #N/A | AD40: #N/A | AE40: #N/A | AF40: #N/A | AG40: #N/A | AH40: #N/A | AI40: 0.24826633
A41: 0.52 | H41: 37.733333 | I41: 0.19187203 | AA41: 0.14127518 | AB41: #N/A | AC41: #N/A | AD41: #N/A | AE41: #N/A | AF41: 0.20070684 | AG41: #N/A | AH41: #N/A | AI41: #N/A
A42: 0.53 | F42: 39.884259 | G42: 1.003352 | AA42: 0.15360973 | AB42: #N/A | AC42: 0.09527941 | AD42: #N/A | AE42: #N/A | AF42: #N/A | AG42: #N/A | AH42: #N/A | AI42: #N/A
A43: 0.54 | J43: 34.296296 | K43: 0.74375447 | AA43: 0.15521076 | AB43: #N/A | AC43: #N/A | AD43: #N/A | AE43: #N/A | AF43: #N/A | AG43: #N/A | AH43: #N/A | AI43: 0.2650008
A44: 0.55 | B44: 38.209226 | C44: 0.21287415 | D44: 41.337963 | E44: 1.1216696 | AA44: 0.16650847 | AB44: #N/A | AC44: 0.094523634 | AD44: #N/A | AE44: #N/A | AF44: #N/A | AG44: #N/A | AH44: #N/A | AI44: #N/A
A45: 0.57 | B45: 39.763194 | C45: 0.34084885 | AA45: 0.1710386 | AB45: 0.17191652 | AC45: #N/A | AD45: #N/A | AE45: #N/A | AF45: #N/A | AG45: #N/A | AH45: #N/A | AI45: #N/A
A46: 0.58 | D46: 43.925 | E46: 1.002145 | AA46: 0.17125822 | AB46: #N/A | AC46: #N/A | AD46: #N/A | AE46: #N/A | AF46: 0.20060908 | AG46: #N/A | AH46: #N/A | AI46: #N/A
A47: 0.59 | D47: 44.62037 | E47: 1.6190428 | AA47: 0.17211701 | AB47: #N/A | AC47: #N/A | AD47: #N/A | AE47: #N/A | AF47: #N/A | AG47: #N/A | AH47: 0.15039058 | AI47: #N/A
A48: 0.61 | D48: 45.95 | E48: 0.33392263 | H48: 44.77451 | I48: 0.31278119 | AA48: 0.17859033 | AB48: #N/A | AC48: #N/A | AD48: #N/A | AE48: #N/A | AF48: #N/A | AG48: #N/A | AH48: 0.15181906 | AI48: #N/A
A49: 0.62 | D49: 46.741204 | E49: 0.66062883 | H49: 45.394958 | I49: 0.48408511 | AA49: 0.18465843 | AB49: 0.21039943 | AC49: #N/A | AD49: #N/A | AE49: #N/A | AF49: #N/A | AG49: #N/A | AH49: #N/A | AI49: #N/A
A50: 0.63 | D50: 47.592593 | E50: 1.0035044 | AA50: 0.20273827 | AB50: #N/A | AC50: #N/A | AD50: #N/A | AE50: #N/A | AF50: #N/A | AG50: #N/A | AH50: #N/A | AI50: 0.3443539
A51: 0.66 | B51: 45.961111 | C51: 0.32445321 | AA51: 0.21169131 | AB51: #N/A | AC51: #N/A | AD51: 0.34444617 | AE51: #N/A | AF51: #N/A | AG51: #N/A | AH51: #N/A | AI51: #N/A
A52: 0.67 | H52: 49.257576 | I52: 0.214118 | AA52: 0.21213114 | AB52: #N/A | AC52: #N/A | AD52: #N/A | AE52: #N/A | AF52: #N/A | AG52: #N/A | AH52: #N/A | AI52: 0.3306239
A53: 0.68 | B53: 47.489236 | C53: 0.28461505 | AA53: 0.21336193 | AB53: #N/A | AC53: #N/A | AD53: #N/A | AE53: #N/A | AF53: #N/A | AG53: #N/A | AH53: 0.1620839 | AI53: #N/A
A54: 0.7 | B54: 48.752525 | C54: 0.35638909 | J54: 44.925926 | K54: 1.2817618 | AA54: 0.22876618 | AB54: #N/A | AC54: #N/A | AD54: #N/A | AE54: #N/A | AF54: #N/A | AG54: 0.26971128 | AH54: #N/A | AI54: #N/A
A55: 0.72 | J55: 45.740741 | K55: 0.61902966 | AA55: 0.2297618 | AB55: #N/A | AC55: #N/A | AD55: #N/A | AE55: #N/A | AF55: 0.21021472 | AG55: #N/A | AH55: #N/A | AI55: #N/A
A56: 0.74 | H56: 54.021212 | I56: 0.22371002 | J56: 47.407407 | K56: 1.227755 | AA56: 0.2318622 | AB56: #N/A | AC56: #N/A | AD56: #N/A | AE56: #N/A | AF56: #N/A | AG56: #N/A | AH56: #N/A | AI56: 0.49033358
A57: 0.75 | H57: 54.971049 | I57: 0.46098732 | AA57: 0.23920276 | AB57: #N/A | AC57: #N/A | AD57: #N/A | AE57: #N/A | AF57: #N/A | AG57: #N/A | AH57: 0.16800687 | AI57: #N/A
A58: 0.76 | F58: 57.210317 | G58: 0.958999 | H58: 56.125 | I58: 0.47236298 | J58: 48.603704 | K58: 1.3392629 | AA58: 0.24133771 | AB58: #N/A | AC58: #N/A | AD58: 0.24551543 | AE58: #N/A | AF58: #N/A | AG58: #N/A | AH58: #N/A | AI58: #N/A
A59: 0.77 | J59: 48.918519 | K59: 1.1255584 | AA59: 0.2420481 | AB59: #N/A | AC59: 0.09882932 | AD59: #N/A | AE59: #N/A | AF59: #N/A | AG59: #N/A | AH59: #N/A | AI59: #N/A
A60: 0.79 | D60: 59.421212 | E60: 0.33085326 | J60: 50.259259 | K60: 1.3774511 | AA60: 0.25347282 | AB60: #N/A | AC60: #N/A | AD60: #N/A | AE60: #N/A | AF60: #N/A | AG60: #N/A | AH60: 0.17102829 | AI60: #N/A
A61: 0.8 | J61: 51.033333 | K61: 1.3740283 | AA61: 0.26573096 | AB61: #N/A | AC61: #N/A | AD61: #N/A | AE61: #N/A | AF61: #N/A | AG61: #N/A | AH61: 0.1847855 | AI61: #N/A
A62: 0.82 | H62: 60.040079 | I62: 0.34637143 | AA62: 0.27561762 | AB62: 0.24747104 | AC62: #N/A | AD62: #N/A | AE62: #N/A | AF62: #N/A | AG62: #N/A | AH62: #N/A | AI62: #N/A
A63: 0.83 | D63: 62.429545 | E63: 0.34599719 | AA63: 0.28184352 | AB63: #N/A | AC63: #N/A | AD63: #N/A | AE63: #N/A | AF63: 0.25286004 | AG63: #N/A | AH63: #N/A | AI63: #N/A
A64: 0.85 | D64: 64.268182 | E64: 0.3888096 | H64: 62.105556 | I64: 0.51192708 | J64: 53.966667 | K64: 1.0074533 | AA64: 0.29222768 | AB64: #N/A | AC64: #N/A | AD64: #N/A | AE64: #N/A | AF64: 0.2791913 | AG64: #N/A | AH64: #N/A | AI64: #N/A
A65: 0.87 | H65: 63.927083 | I65: 0.46409662 | AA65: 0.29655056 | AB65: #N/A | AC65: #N/A | AD65: 0.15544194 | AE65: #N/A | AF65: #N/A | AG65: #N/A | AH65: #N/A | AI65: #N/A
A66: 0.45 | D66: 33.7 | E66: 0.23358927 | AA66: 0.30950321 | AB66: #N/A | AC66: #N/A | AD66: #N/A | AE66: #N/A | AF66: #N/A | AG66: #N/A | AH66: 0.17878857 | AI66: #N/A
AA67: 0.31619646 | AB67: #N/A | AC67: #N/A | AD67: 0.15481858 | AE67: #N/A | AF67: #N/A | AG67: #N/A | AH67: #N/A | AI67: #N/A
AA68: 0.3284918 | AB68: #N/A | AC68: #N/A | AD68: #N/A | AE68: #N/A | AF68: #N/A | AG68: #N/A | AH68: #N/A | AI68: 0.38217349
AA69: 0.33335135 | AB69: 0.23537157 | AC69: #N/A | AD69: #N/A | AE69: #N/A | AF69: #N/A | AG69: #N/A | AH69: #N/A | AI69: #N/A
AA70: 0.33464087 | AB70: 0.27097876 | AC70: #N/A | AD70: #N/A | AE70: #N/A | AF70: #N/A | AG70: #N/A | AH70: #N/A | AI70: #N/A
AA71: 0.33898827 | AB71: #N/A | AC71: #N/A | AD71: #N/A | AE71: #N/A | AF71: #N/A | AG71: #N/A | AH71: 0.18453547 | AI71: #N/A
AA72: 0.33997761 | AB72: #N/A | AC72: #N/A | AD72: #N/A | AE72: #N/A | AF72: #N/A | AG72: 0.24776598 | AH72: #N/A | AI72: #N/A
AA73: 0.35913984 | AB73: #N/A | AC73: 0.11377122 | AD73: #N/A | AE73: #N/A | AF73: #N/A | AG73: #N/A | AH73: #N/A | AI73: #N/A
AA74: 0.360127 | AB74: #N/A | AC74: #N/A | AD74: #N/A | AE74: #N/A | AF74: 0.25693345 | AG74: #N/A | AH74: #N/A | AI74: #N/A
AA75: 0.36374881 | AB75: #N/A | AC75: #N/A | AD75: #N/A | AE75: #N/A | AF75: 0.59217836 | AG75: #N/A | AH75: #N/A | AI75: #N/A
AA76: 0.37595035 | AB76: #N/A | AC76: 0.1220509 | AD76: #N/A | AE76: #N/A | AF76: #N/A | AG76: #N/A | AH76: #N/A | AI76: #N/A
AA77: 0.39154671 | AB77: #N/A | AC77: #N/A | AD77: 0.19344804 | AE77: #N/A | AF77: #N/A | AG77: #N/A | AH77: #N/A | AI77: #N/A
AA78: 0.391903 | AB78: #N/A | AC78: #N/A | AD78: #N/A | AE78: #N/A | AF78: #N/A | AG78: #N/A | AH78: #N/A | AI78: 0.58959784
AA79: 0.40995029 | AB79: #N/A | AC79: #N/A | AD79: #N/A | AE79: #N/A | AF79: #N/A | AG79: #N/A | AH79: #N/A | AI79: 0.50133486
AA80: 0.41449277 | AB80: #N/A | AC80: 0.11382646 | AD80: #N/A | AE80: #N/A | AF80: #N/A | AG80: #N/A | AH80: #N/A | AI80: #N/A
AA81: 0.41703 | AB81: #N/A | AC81: #N/A | AD81: #N/A | AE81: 0.18708274 | AF81: #N/A | AG81: #N/A | AH81: #N/A | AI81: #N/A
AA82: 0.41909031 | AB82: #N/A | AC82: #N/A | AD82: #N/A | AE82: #N/A | AF82: 0.86688896 | AG82: #N/A | AH82: #N/A | AI82: #N/A
AA83: 0.43729828 | AB83: #N/A | AC83: #N/A | AD83: 0.20141287 | AE83: #N/A | AF83: #N/A | AG83: #N/A | AH83: #N/A | AI83: #N/A
AA84: 0.45074998 | AB84: 0.58864849 | AC84: #N/A | AD84: #N/A | AE84: #N/A | AF84: #N/A | AG84: #N/A | AH84: #N/A | AI84: #N/A
AA85: 0.46147243 | AB85: #N/A | AC85: #N/A | AD85: #N/A | AE85: #N/A | AF85: #N/A | AG85: 0.94486021 | AH85: #N/A | AI85: #N/A
AA86: 0.46837916 | AB86: #N/A | AC86: #N/A | AD86: #N/A | AE86: #N/A | AF86: 0.9873428 | AG86: #N/A | AH86: #N/A | AI86: #N/A
AA87: 0.46908025 | AB87: #N/A | AC87: 0.1274749 | AD87: #N/A | AE87: #N/A | AF87: #N/A | AG87: #N/A | AH87: #N/A | AI87: #N/A
AA88: 0.47599172 | AB88: #N/A | AC88: #N/A | AD88: #N/A | AE88: #N/A | AF88: #N/A | AG88: #N/A | AH88: 0.23780301 | AI88: #N/A
AA89: 0.47636896 | AB89: #N/A | AC89: #N/A | AD89: #N/A | AE89: #N/A | AF89: #N/A | AG89: #N/A | AH89: 0.29382636 | AI89: #N/A
AA90: 0.47788337 | AB90: #N/A | AC90: #N/A | AD90: #N/A | AE90: #N/A | AF90: #N/A | AG90: #N/A | AH90: 1.1353691 | AI90: #N/A
AA91: 0.48270531 | AB91: #N/A | AC91: #N/A | AD91: #N/A | AE91: #N/A | AF91: #N/A | AG91: #N/A | AH91: 0.5298049 | AI91: #N/A
AA92: 0.48496542 | AB92: #N/A | AC92: 0.14194134 | AD92: #N/A | AE92: #N/A | AF92: #N/A | AG92: #N/A | AH92: #N/A | AI92: #N/A
AA93: 0.49365638 | AB93: #N/A | AC93: #N/A | AD93: #N/A | AE93: #N/A | AF93: #N/A | AG93: #N/A | AH93: 1.0975149 | AI93: #N/A
AA94: 0.49386129 | AB94: #N/A | AC94: #N/A | AD94: 0.16248296 | AE94: #N/A | AF94: #N/A | AG94: #N/A | AH94: #N/A | AI94: #N/A
AA95: 0.51077285 | AB95: #N/A | AC95: #N/A | AD95: 0.16432493 | AE95: #N/A | AF95: #N/A | AG95: #N/A | AH95: #N/A | AI95: #N/A
AA96: 0.52409993 | AB96: #N/A | AC96: #N/A | AD96: #N/A | AE96: #N/A | AF96: #N/A | AG96: 1.003352 | AH96: #N/A | AI96: #N/A
AA97: 0.52573216 | AB97: #N/A | AC97: 0.17051432 | AD97: #N/A | AE97: #N/A | AF97: #N/A | AG97: #N/A | AH97: #N/A | AI97: #N/A
AA98: 0.53462058 | AB98: #N/A | AC98: #N/A | AD98: #N/A | AE98: #N/A | AF98: #N/A | AG98: #N/A | AH98: #N/A | AI98: 0.74375447
AA99: 0.54082066 | AB99: #N/A | AC99: #N/A | AD99: #N/A | AE99: 0.21287415 | AF99: #N/A | AG99: #N/A | AH99: #N/A | AI99: #N/A
AA100: 0.541421 | AB100: #N/A | AC100: #N/A | AD100: #N/A | AE100: #N/A | AF100: 1.1216696 | AG100: #N/A | AH100: #N/A | AI100: #N/A
AA101: 0.56045971 | AB101: #N/A | AC101: #N/A | AD101: #N/A | AE101: 0.34084885 | AF101: #N/A | AG101: #N/A | AH101: #N/A | AI101: #N/A
...

Sheet ITL-PIVOT
A3: Average of ITL | B3: Experiment | C3: date
B4: 1-15K,300 | C4: 1-15K,300 | D4: 3K,100-1800 | E4: 5K,100-1800 | F4: 5K,100-1800 | G4: 5K,1K | H4: 5K,200 | I4: 5K,200 | J4: 5K,300 | K4: 5K,500 | L4: 5K,500 | M4: 6K,100
A5: KV% | B5: 46104 | C5: 46092 | D5: 46092 | E5: 46104 | F5: 46092 | G5: 46092 | H5: 46104 | I5: 46092 | J5: 46092 | K5: 46104 | L5: 46092 | M5: 46092
A6: 0.010150558 | C6: 0.0065961989
A7: 0.011850272 | B7: 0.006621296
A8: 0.016512173 | C8: 0.0070278515
A9: 0.016875257 | D9: 0.0084535996
A10: 0.019997642 | C10: 0.0072804041
A11: 0.025965865 | B11: 0.0074908518
A12: 0.027674918 | F12: 0.0096372251
A13: 0.031234376 | E13: 0.0096815497
A14: 0.035640373 | C14: 0.0080706953
A15: 0.036869666 | B15: 0.0081016796
A16: 0.039849347 | C16: 0.0082483981
A17: 0.041308812 | D17: 0.0090757149
A18: 0.044642703 | M18: 0.011061017
A19: 0.046332213 | M19: 0.011654575
A20: 0.055009626 | M20: 0.018346192
A21: 0.055108174 | C21: 0.0090297684
A22: 0.057327386 | E22: 0.0099585362
A23: 0.057532059 | C23: 0.0093669172
A24: 0.05821955 | B24: 0.0090222427
A25: 0.058994914 | I25: 0.010721021
A26: 0.059106974 | M26: 0.013275208
A27: 0.059313421 | H27: 0.0096212234
A28: 0.060624515 | H28: 0.011228163
A29: 0.062301221 | F29: 0.010460084
A30: 0.063554866 | H30: 0.010864383
A31: 0.063885297 | I31: 0.011288193
A32: 0.068267103 | M32: 0.014768636
A33: 0.068285949 | D33: 0.0097737484
A34: 0.069947993 | I34: 0.010464462
A35: 0.071823119 | H35: 0.011404411
A36: 0.078173154 | C36: 0.010746412
A37: 0.079329368 | M37: 0.015918493
A38: 0.080174123 | I38: 0.011873789
A39: 0.080536161 | M39: 0.01508635
A40: 0.080896043 | B40: 0.011071214
A41: 0.084433993 | J41: 0.011154069
A42: 0.08515128 | E42: 0.011780866
A43: 0.089103957 | H43: 0.013399499
A44: 0.093204609 | I44: 0.014219892
A45: 0.095071419 | F45: 0.011342318
A46: 0.095996897 | E46: 0.011676885
A47: 0.096761055 | H47: 0.013324502
A48: 0.098829462 | D48: 0.010705458
A49: 0.10154584 | I49: 0.013731578
A50: 0.10698368 | F50: 0.011075834
A51: 0.11451878 | D51: 0.010615078
A52: 0.11821179 | B52: 0.012433207
A53: 0.12825331 | I53: 0.016155173
A54: 0.1316921 | H54: 0.015942548
A55: 0.1356726 | C55: 0.013768167
A56: 0.13641674 | C56: 0.013314866
A57: 0.13848806 | M57: 0.022143876
A58: 0.14127518 | I58: 0.018282164
A59: 0.14444789 | K59: 0.012235913
A60: 0.15360973 | D60: 0.01150518
A61: 0.15521076 | M61: 0.024129972
A62: 0.15773468 | E62: 0.012692933
A63: 0.15862684 | H63: 0.016929178
A64: 0.15977502 | B64: 0.015848882
A65: 0.16650847 | D65: 0.011636336
A66: 0.1710386 | C66: 0.015553108
A67: 0.17125822 | I67: 0.018460602
A68: 0.17211701 | L68: 0.013253454
A69: 0.17859033 | L69: 0.013675467
A70: 0.17876261 | E70: 0.01281616
A71: 0.18175718 | H71: 0.018620865
A72: 0.18389449 | H72: 0.01995035
A73: 0.18465843 | C73: 0.016170002
A74: 0.20157099 | H74: 0.02332166
A75: 0.20273827 | M75: 0.031643051
A76: 0.21169131 | F76: 0.015406034
A77: 0.21213114 | M77: 0.035378278
A78: 0.21336193 | L78: 0.014772788
A79: 0.2184872 | K79: 0.015036805
A80: 0.21891389 | K80: 0.014532838
A81: 0.22876618 | J81: 0.019149388
A82: 0.2297618 | I82: 0.022218246
A83: 0.2318622 | M83: 0.038194115
A84: 0.23701577 | K84: 0.0157502
A85: 0.23920276 | L85: 0.015582202
A86: 0.24133771 | F86: 0.014934354
A87: 0.2420481 | D87: 0.013493247
A88: 0.25347282 | L88: 0.01607343
A89: 0.25623739 | H89: 0.024031371
A90: 0.26573096 | L90: 0.017040465
A91: 0.27561762 | C91: 0.020987859
A92: 0.27993276 | K92: 0.017185742
A93: 0.28184352 | I93: 0.025528575
A94: 0.29114818 | E94: 0.016223875
A95: 0.29222768 | I95: 0.026751556
A96: 0.29388673 | H96: 0.027285716
A97: 0.29655056 | F97: 0.01607506
A98: 0.30568658 | B98: 0.023421438
A99: 0.30849108 | E99: 0.016070387
A100: 0.30950321 | L100: 0.017937609
A101: 0.31619646 | F101: 0.016149981
A102: 0.3284918 | M102: 0.045377524
...

Sheet ITL-PLOT
A5: ='ITL-PIVOT'!A3 -> Average of ITL | B5: ='ITL-PIVOT'!B4 -> 1-15K,300 | C5: ='ITL-PIVOT'!C4 -> 1-15K,300 | D5: ='ITL-PIVOT'!D4 -> 3K,100-1800 | E5: ='ITL-PIVOT'!E4 -> 5K,100-1800 | F5: ='ITL-PIVOT'!F4 -> 5K,100-1800 | G5: ='ITL-PIVOT'!G4 -> 5K,1K | H5: ='ITL-PIVOT'!H4 -> 5K,200 | I5: ='ITL-PIVOT'!I4 -> 5K,200 | ... M5: ='ITL-PIVOT'!M4 -> 6K,100
A6: ='ITL-PIVOT'!A5 -> KV% | B6: ='ITL-PIVOT'!B5 -> 46104 | C6: ='ITL-PIVOT'!C5 -> 46092 | D6: ='ITL-PIVOT'!D5 -> 46092 | E6: ='ITL-PIVOT'!E5 -> 46104 | F6: ='ITL-PIVOT'!F5 -> 46092 | G6: ='ITL-PIVOT'!G5 -> 46092 | H6: ='ITL-PIVOT'!H5 -> 46104 | ... M6: ='ITL-PIVOT'!M5 -> 46092
A7: =A6 -> KV% | B7: =_xlfn.CONCAT(B5," ",TEXT(B6,"dd/mm")) -> 1-15K,300 23/03 | C7: =_xlfn.CONCAT(C5," ",TEXT(C6,"dd/mm")) -> 1-15K,300 11/03 | D7: =_xlfn.CONCAT(D5," ",TEXT(D6,"dd/mm")) -> 3K,100-1800 11/03 | E7: =_xlfn.CONCAT(E5," ",TEXT(E6,"dd/mm")) -> 5K,100-1800 23/03 | F7: =_xlfn.CONCAT(F5," ",TEXT(F6,"dd/mm")) -> 5K,100-1800 11/03 | G7: =_xlfn.CONCAT(G5," ",TEXT(G6,"dd/mm")) -> 5K,1K 11/03 | H7: =_xlfn.CONCAT(H5," ",TEXT(H6,"dd/mm")) -> 5K,200 23/03 | I7: =_xlfn.CONCAT(I5," ",TEXT(I6,"dd/mm")) -> 5K,200 11/03 | ... M7: =_xlfn.CONCAT(M5," ",TEXT(M6,"dd/mm")) -> 6K,100 11/03
A8: =IF('ITL-PIVOT'!A6=0,NA(),'ITL-PIVOT'!A6) -> 0.010150558 | B8: =IF(GETPIVOTDATA("ITL",'ITL-PIVOT'!$A$3,"KV%",$A8,"Experiment",B$5,"date",B$6)=0,NA(),GETPIVOTDATA("ITL",'ITL-PIVOT'!$A$3,"KV%",$A8,"Experiment",B$5,"date",B$6)) -> #N/A | C8: =IF(GETPIVOTDATA("ITL",'ITL-PIVOT'!$A$3,"KV%",$A8,"Experiment",C$5,"date",C$6)=0,NA(),GETPIVOTDATA("ITL",'ITL-PIVOT'!$A$3,"KV%",$A8,"Experiment",C$5,"date",C$6)) -> 0.0065961989 | D8: =IF(GETPIVOTDATA("ITL",'ITL-PIVOT'!$A$3,"KV%",$A8,"Experiment",D$5,"date",D$6)=0,NA(),GETPIVOTDATA("ITL",'ITL-PIVOT'!$A$3,"KV%",$A8,"Experiment",D$5,"date",D$6)) -> #N/A | E8: =IF(GETPIVOTDATA("ITL",'ITL-PIVOT'!$A$3,"KV%",$A8,"Experiment",E$5,"date",E$6)=0,NA(),GETPIVOTDATA("ITL",'ITL-PIVOT'!$A$3,"KV%",$A8,"Experiment",E$5,"date",E$6)) -> #N/A | F8: =IF(GETPIVOTDATA("ITL",'ITL-PIVOT'!$A$3,"KV%",$A8,"Experiment",F$5,"date",F$6)=0,NA(),GETPIVOTDATA("ITL",'ITL-PIVOT'!$A$3,"KV%",$A8,"Experiment",F$5,"date",F$6)) -> #N/A | G8: =IF(GETPIVOTDATA("ITL",'ITL-PIVOT'!$A$3,"KV%",$A8,"Experiment",G$5,"date",G$6)=0,NA(),GETPIVOTDATA("ITL",'ITL-PIVOT'!$A$3,"KV%",$A8,"Experiment",G$5,"date",G$6)) -> #N/A | H8: =IF(GETPIVOTDATA("ITL",'ITL-PIVOT'!$A$3,"KV%",$A8,"Experiment",H$5,"date",H$6)=0,NA(),GETPIVOTDATA("ITL",'ITL-PIVOT'!$A$3,"KV%",$A8,"Experiment",H$5,"date",H$6)) -> #N/A | I8: =IF(GETPIVOTDATA("ITL",'ITL-PIVOT'!$A$3,"KV%",$A8,"Experiment",I$5,"date",I$6)=0,NA(),GETPIVOTDATA("ITL",'ITL-PIVOT'!$A$3,"KV%",$A8,"Experiment",I$5,"date",I$6)) -> #N/A | ... M8: =IF(GETPIVOTDATA("ITL",'ITL-PIVOT'!$A$3,"KV%",$A8,"Experiment",M$5,"date",M$6)=0,NA(),GETPIVOTDATA("ITL",'ITL-PIVOT'!$A$3,"KV%",$A8,"Experiment",M$5,"date",M$6)) -> #N/A
A9: =IF('ITL-PIVOT'!A7=0,NA(),'ITL-PIVOT'!A7) -> 0.011850272 | B9: =IF(GETPIVOTDATA("ITL",'ITL-PIVOT'!$A$3,"KV%",$A9,"Experiment",B$5,"date",B$6)=0,NA(),GETPIVOTDATA("ITL",'ITL-PIVOT'!$A$3,"KV%",$A9,"Experiment",B$5,"date",B$6)) -> 0.006621296 | C9: =IF(GETPIVOTDATA("ITL",'ITL-PIVOT'!$A$3,"KV%",$A9,"Experiment",C$5,"date",C$6)=0,NA(),GETPIVOTDATA("ITL",'ITL-PIVOT'!$A$3,"KV%",$A9,"Experiment",C$5,"date",C$6)) -> #N/A | D9: =IF(GETPIVOTDATA("ITL",'ITL-PIVOT'!$A$3,"KV%",$A9,"Experiment",D$5,"date",D$6)=0,NA(),GETPIVOTDATA("ITL",'ITL-PIVOT'!$A$3,"KV%",$A9,"Experiment",D$5,"date",D$6)) -> #N/A | E9: =IF(GETPIVOTDATA("ITL",'ITL-PIVOT'!$A$3,"KV%",$A9,"Experiment",E$5,"date",E$6)=0,NA(),GETPIVOTDATA("ITL",'ITL-PIVOT'!$A$3,"KV%",$A9,"Experiment",E$5,"date",E$6)) -> #N/A | F9: =IF(GETPIVOTDATA("ITL",'ITL-PIVOT'!$A$3,"KV%",$A9,"Experiment",F$5,"date",F$6)=0,NA(),GETPIVOTDATA("ITL",'ITL-PIVOT'!$A$3,"KV%",$A9,"Experiment",F$5,"date",F$6)) -> #N/A | G9: =IF(GETPIVOTDATA("ITL",'ITL-PIVOT'!$A$3,"KV%",$A9,"Experiment",G$5,"date",G$6)=0,NA(),GETPIVOTDATA("ITL",'ITL-PIVOT'!$A$3,"KV%",$A9,"Experiment",G$5,"date",G$6)) -> #N/A | H9: =IF(GETPIVOTDATA("ITL",'ITL-PIVOT'!$A$3,"KV%",$A9,"Experiment",H$5,"date",H$6)=0,NA(),GETPIVOTDATA("ITL",'ITL-PIVOT'!$A$3,"KV%",$A9,"Experiment",H$5,"date",H$6)) -> #N/A | I9: =IF(GETPIVOTDATA("ITL",'ITL-PIVOT'!$A$3,"KV%",$A9,"Experiment",I$5,"date",I$6)=0,NA(),GETPIVOTDATA("ITL",'ITL-PIVOT'!$A$3,"KV%",$A9,"Experiment",I$5,"date",I$6)) -> #N/A | ... M9: =IF(GETPIVOTDATA("ITL",'ITL-PIVOT'!$A$3,"KV%",$A9,"Experiment",M$5,"date",M$6)=0,NA(),GETPIVOTDATA("ITL",'ITL-PIVOT'!$A$3,"KV%",$A9,"Experiment",M$5,"date",M$6)) -> #N/A
A10: =IF('ITL-PIVOT'!A8=0,NA(),'ITL-PIVOT'!A8) -> 0.016512173 | B10: =IF(GETPIVOTDATA("ITL",'ITL-PIVOT'!$A$3,"KV%",$A10,"Experiment",B$5,"date",B$6)=0,NA(),GETPIVOTDATA("ITL",'ITL-PIVOT'!$A$3,"KV%",$A10,"Experiment",B$5,"date",B$6)) -> #N/A | C10: =IF(GETPIVOTDATA("ITL",'ITL-PIVOT'!$A$3,"KV%",$A10,"Experiment",C$5,"date",C$6)=0,NA(),GETPIVOTDATA("ITL",'ITL-PIVOT'!$A$3,"KV%",$A10,"Experiment",C$5,"date",C$6)) -> 0.0070278515 | D10: =IF(GETPIVOTDATA("ITL",'ITL-PIVOT'!$A$3,"KV%",$A10,"Experiment",D$5,"date",D$6)=0,NA(),GETPIVOTDATA("ITL",'ITL-PIVOT'!$A$3,"KV%",$A10,"Experiment",D$5,"date",D$6)) -> #N/A | E10: =IF(GETPIVOTDATA("ITL",'ITL-PIVOT'!$A$3,"KV%",$A10,"Experiment",E$5,"date",E$6)=0,NA(),GETPIVOTDATA("ITL",'ITL-PIVOT'!$A$3,"KV%",$A10,"Experiment",E$5,"date",E$6)) -> #N/A | F10: =IF(GETPIVOTDATA("ITL",'ITL-PIVOT'!$A$3,"KV%",$A10,"Experiment",F$5,"date",F$6)=0,NA(),GETPIVOTDATA("ITL",'ITL-PIVOT'!$A$3,"KV%",$A10,"Experiment",F$5,"date",F$6)) -> #N/A | G10: =IF(GETPIVOTDATA("ITL",'ITL-PIVOT'!$A$3,"KV%",$A10,"Experiment",G$5,"date",G$6)=0,NA(),GETPIVOTDATA("ITL",'ITL-PIVOT'!$A$3,"KV%",$A10,"Experiment",G$5,"date",G$6)) -> #N/A | H10: =IF(GETPIVOTDATA("ITL",'ITL-PIVOT'!$A$3,"KV%",$A10,"Experiment",H$5,"date",H$6)=0,NA(),GETPIVOTDATA("ITL",'ITL-PIVOT'!$A$3,"KV%",$A10,"Experiment",H$5,"date",H$6)) -> #N/A | I10: =IF(GETPIVOTDATA("ITL",'ITL-PIVOT'!$A$3,"KV%",$A10,"Experiment",I$5,"date",I$6)=0,NA(),GETPIVOTDATA("ITL",'ITL-PIVOT'!$A$3,"KV%",$A10,"Experiment",I$5,"date",I$6)) -> #N/A | ... M10: =IF(GETPIVOTDATA("ITL",'ITL-PIVOT'!$A$3,"KV%",$A10,"Experiment",M$5,"date",M$6)=0,NA(),GETPIVOTDATA("ITL",'ITL-PIVOT'!$A$3,"KV%",$A10,"Experiment",M$5,"date",M$6)) -> #N/A
A11: =IF('ITL-PIVOT'!A9=0,NA(),'ITL-PIVOT'!A9) -> 0.016875257 | B11: =IF(GETPIVOTDATA("ITL",'ITL-PIVOT'!$A$3,"KV%",$A11,"Experiment",B$5,"date",B$6)=0,NA(),GETPIVOTDATA("ITL",'ITL-PIVOT'!$A$3,"KV%",$A11,"Experiment",B$5,"date",B$6)) -> #N/A | C11: =IF(GETPIVOTDATA("ITL",'ITL-PIVOT'!$A$3,"KV%",$A11,"Experiment",C$5,"date",C$6)=0,NA(),GETPIVOTDATA("ITL",'ITL-PIVOT'!$A$3,"KV%",$A11,"Experiment",C$5,"date",C$6)) -> #N/A | D11: =IF(GETPIVOTDATA("ITL",'ITL-PIVOT'!$A$3,"KV%",$A11,"Experiment",D$5,"date",D$6)=0,NA(),GETPIVOTDATA("ITL",'ITL-PIVOT'!$A$3,"KV%",$A11,"Experiment",D$5,"date",D$6)) -> 0.0084535996 | E11: =IF(GETPIVOTDATA("ITL",'ITL-PIVOT'!$A$3,"KV%",$A11,"Experiment",E$5,"date",E$6)=0,NA(),GETPIVOTDATA("ITL",'ITL-PIVOT'!$A$3,"KV%",$A11,"Experiment",E$5,"date",E$6)) -> #N/A | F11: =IF(GETPIVOTDATA("ITL",'ITL-PIVOT'!$A$3,"KV%",$A11,"Experiment",F$5,"date",F$6)=0,NA(),GETPIVOTDATA("ITL",'ITL-PIVOT'!$A$3,"KV%",$A11,"Experiment",F$5,"date",F$6)) -> #N/A | G11: =IF(GETPIVOTDATA("ITL",'ITL-PIVOT'!$A$3,"KV%",$A11,"Experiment",G$5,"date",G$6)=0,NA(),GETPIVOTDATA("ITL",'ITL-PIVOT'!$A$3,"KV%",$A11,"Experiment",G$5,"date",G$6)) -> #N/A | H11: =IF(GETPIVOTDATA("ITL",'ITL-PIVOT'!$A$3,"KV%",$A11,"Experiment",H$5,"date",H$6)=0,NA(),GETPIVOTDATA("ITL",'ITL-PIVOT'!$A$3,"KV%",$A11,"Experiment",H$5,"date",H$6)) -> #N/A | I11: =IF(GETPIVOTDATA("ITL",'ITL-PIVOT'!$A$3,"KV%",$A11,"Experiment",I$5,"date",I$6)=0,NA(),GETPIVOTDATA("ITL",'ITL-PIVOT'!$A$3,"KV%",$A11,"Experiment",I$5,"date",I$6)) -> #N/A | ... M11: =IF(GETPIVOTDATA("ITL",'ITL-PIVOT'!$A$3,"KV%",$A11,"Experiment",M$5,"date",M$6)=0,NA(),GETPIVOTDATA("ITL",'ITL-PIVOT'!$A$3,"KV%",$A11,"Experiment",M$5,"date",M$6)) -> #N/A
A12: =IF('ITL-PIVOT'!A10=0,NA(),'ITL-PIVOT'!A10) -> 0.019997642 | B12: =IF(GETPIVOTDATA("ITL",'ITL-PIVOT'!$A$3,"KV%",$A12,"Experiment",B$5,"date",B$6)=0,NA(),GETPIVOTDATA("ITL",'ITL-PIVOT'!$A$3,"KV%",$A12,"Experiment",B$5,"date",B$6)) -> #N/A | C12: =IF(GETPIVOTDATA("ITL",'ITL-PIVOT'!$A$3,"KV%",$A12,"Experiment",C$5,"date",C$6)=0,NA(),GETPIVOTDATA("ITL",'ITL-PIVOT'!$A$3,"KV%",$A12,"Experiment",C$5,"date",C$6)) -> 0.0072804041 | D12: =IF(GETPIVOTDATA("ITL",'ITL-PIVOT'!$A$3,"KV%",$A12,"Experiment",D$5,"date",D$6)=0,NA(),GETPIVOTDATA("ITL",'ITL-PIVOT'!$A$3,"KV%",$A12,"Experiment",D$5,"date",D$6)) -> #N/A | E12: =IF(GETPIVOTDATA("ITL",'ITL-PIVOT'!$A$3,"KV%",$A12,"Experiment",E$5,"date",E$6)=0,NA(),GETPIVOTDATA("ITL",'ITL-PIVOT'!$A$3,"KV%",$A12,"Experiment",E$5,"date",E$6)) -> #N/A | F12: =IF(GETPIVOTDATA("ITL",'ITL-PIVOT'!$A$3,"KV%",$A12,"Experiment",F$5,"date",F$6)=0,NA(),GETPIVOTDATA("ITL",'ITL-PIVOT'!$A$3,"KV%",$A12,"Experiment",F$5,"date",F$6)) -> #N/A | G12: =IF(GETPIVOTDATA("ITL",'ITL-PIVOT'!$A$3,"KV%",$A12,"Experiment",G$5,"date",G$6)=0,NA(),GETPIVOTDATA("ITL",'ITL-PIVOT'!$A$3,"KV%",$A12,"Experiment",G$5,"date",G$6)) -> #N/A | H12: =IF(GETPIVOTDATA("ITL",'ITL-PIVOT'!$A$3,"KV%",$A12,"Experiment",H$5,"date",H$6)=0,NA(),GETPIVOTDATA("ITL",'ITL-PIVOT'!$A$3,"KV%",$A12,"Experiment",H$5,"date",H$6)) -> #N/A | I12: =IF(GETPIVOTDATA("ITL",'ITL-PIVOT'!$A$3,"KV%",$A12,"Experiment",I$5,"date",I$6)=0,NA(),GETPIVOTDATA("ITL",'ITL-PIVOT'!$A$3,"KV%",$A12,"Experiment",I$5,"date",I$6)) -> #N/A | ... M12: =IF(GETPIVOTDATA("ITL",'ITL-PIVOT'!$A$3,"KV%",$A12,"Experiment",M$5,"date",M$6)=0,NA(),GETPIVOTDATA("ITL",'ITL-PIVOT'!$A$3,"KV%",$A12,"Experiment",M$5,"date",M$6)) -> #N/A
A13: =IF('ITL-PIVOT'!A11=0,NA(),'ITL-PIVOT'!A11) -> 0.025965865 | B13: =IF(GETPIVOTDATA("ITL",'ITL-PIVOT'!$A$3,"KV%",$A13,"Experiment",B$5,"date",B$6)=0,NA(),GETPIVOTDATA("ITL",'ITL-PIVOT'!$A$3,"KV%",$A13,"Experiment",B$5,"date",B$6)) -> 0.0074908518 | C13: =IF(GETPIVOTDATA("ITL",'ITL-PIVOT'!$A$3,"KV%",$A13,"Experiment",C$5,"date",C$6)=0,NA(),GETPIVOTDATA("ITL",'ITL-PIVOT'!$A$3,"KV%",$A13,"Experiment",C$5,"date",C$6)) -> #N/A | D13: =IF(GETPIVOTDATA("ITL",'ITL-PIVOT'!$A$3,"KV%",$A13,"Experiment",D$5,"date",D$6)=0,NA(),GETPIVOTDATA("ITL",'ITL-PIVOT'!$A$3,"KV%",$A13,"Experiment",D$5,"date",D$6)) -> #N/A | E13: =IF(GETPIVOTDATA("ITL",'ITL-PIVOT'!$A$3,"KV%",$A13,"Experiment",E$5,"date",E$6)=0,NA(),GETPIVOTDATA("ITL",'ITL-PIVOT'!$A$3,"KV%",$A13,"Experiment",E$5,"date",E$6)) -> #N/A | F13: =IF(GETPIVOTDATA("ITL",'ITL-PIVOT'!$A$3,"KV%",$A13,"Experiment",F$5,"date",F$6)=0,NA(),GETPIVOTDATA("ITL",'ITL-PIVOT'!$A$3,"KV%",$A13,"Experiment",F$5,"date",F$6)) -> #N/A | G13: =IF(GETPIVOTDATA("ITL",'ITL-PIVOT'!$A$3,"KV%",$A13,"Experiment",G$5,"date",G$6)=0,NA(),GETPIVOTDATA("ITL",'ITL-PIVOT'!$A$3,"KV%",$A13,"Experiment",G$5,"date",G$6)) -> #N/A | H13: =IF(GETPIVOTDATA("ITL",'ITL-PIVOT'!$A$3,"KV%",$A13,"Experiment",H$5,"date",H$6)=0,NA(),GETPIVOTDATA("ITL",'ITL-PIVOT'!$A$3,"KV%",$A13,"Experiment",H$5,"date",H$6)) -> #N/A | I13: =IF(GETPIVOTDATA("ITL",'ITL-PIVOT'!$A$3,"KV%",$A13,"Experiment",I$5,"date",I$6)=0,NA(),GETPIVOTDATA("ITL",'ITL-PIVOT'!$A$3,"KV%",$A13,"Experiment",I$5,"date",I$6)) -> #N/A | ... M13: =IF(GETPIVOTDATA("ITL",'ITL-PIVOT'!$A$3,"KV%",$A13,"Experiment",M$5,"date",M$6)=0,NA(),GETPIVOTDATA("ITL",'ITL-PIVOT'!$A$3,"KV%",$A13,"Experiment",M$5,"date",M$6)) -> #N/A
A14: =IF('ITL-PIVOT'!A12=0,NA(),'ITL-PIVOT'!A12) -> 0.027674918 | B14: =IF(GETPIVOTDATA("ITL",'ITL-PIVOT'!$A$3,"KV%",$A14,"Experiment",B$5,"date",B$6)=0,NA(),GETPIVOTDATA("ITL",'ITL-PIVOT'!$A$3,"KV%",$A14,"Experiment",B$5,"date",B$6)) -> #N/A | C14: =IF(GETPIVOTDATA("ITL",'ITL-PIVOT'!$A$3,"KV%",$A14,"Experiment",C$5,"date",C$6)=0,NA(),GETPIVOTDATA("ITL",'ITL-PIVOT'!$A$3,"KV%",$A14,"Experiment",C$5,"date",C$6)) -> #N/A | D14: =IF(GETPIVOTDATA("ITL",'ITL-PIVOT'!$A$3,"KV%",$A14,"Experiment",D$5,"date",D$6)=0,NA(),GETPIVOTDATA("ITL",'ITL-PIVOT'!$A$3,"KV%",$A14,"Experiment",D$5,"date",D$6)) -> #N/A | E14: =IF(GETPIVOTDATA("ITL",'ITL-PIVOT'!$A$3,"KV%",$A14,"Experiment",E$5,"date",E$6)=0,NA(),GETPIVOTDATA("ITL",'ITL-PIVOT'!$A$3,"KV%",$A14,"Experiment",E$5,"date",E$6)) -> #N/A | F14: =IF(GETPIVOTDATA("ITL",'ITL-PIVOT'!$A$3,"KV%",$A14,"Experiment",F$5,"date",F$6)=0,NA(),GETPIVOTDATA("ITL",'ITL-PIVOT'!$A$3,"KV%",$A14,"Experiment",F$5,"date",F$6)) -> 0.0096372251 | G14: =IF(GETPIVOTDATA("ITL",'ITL-PIVOT'!$A$3,"KV%",$A14,"Experiment",G$5,"date",G$6)=0,NA(),GETPIVOTDATA("ITL",'ITL-PIVOT'!$A$3,"KV%",$A14,"Experiment",G$5,"date",G$6)) -> #N/A | H14: =IF(GETPIVOTDATA("ITL",'ITL-PIVOT'!$A$3,"KV%",$A14,"Experiment",H$5,"date",H$6)=0,NA(),GETPIVOTDATA("ITL",'ITL-PIVOT'!$A$3,"KV%",$A14,"Experiment",H$5,"date",H$6)) -> #N/A | I14: =IF(GETPIVOTDATA("ITL",'ITL-PIVOT'!$A$3,"KV%",$A14,"Experiment",I$5,"date",I$6)=0,NA(),GETPIVOTDATA("ITL",'ITL-PIVOT'!$A$3,"KV%",$A14,"Experiment",I$5,"date",I$6)) -> #N/A | ... M14: =IF(GETPIVOTDATA("ITL",'ITL-PIVOT'!$A$3,"KV%",$A14,"Experiment",M$5,"date",M$6)=0,NA(),GETPIVOTDATA("ITL",'ITL-PIVOT'!$A$3,"KV%",$A14,"Experiment",M$5,"date",M$6)) -> #N/A
A15: =IF('ITL-PIVOT'!A13=0,NA(),'ITL-PIVOT'!A13) -> 0.031234376 | B15: =IF(GETPIVOTDATA("ITL",'ITL-PIVOT'!$A$3,"KV%",$A15,"Experiment",B$5,"date",B$6)=0,NA(),GETPIVOTDATA("ITL",'ITL-PIVOT'!$A$3,"KV%",$A15,"Experiment",B$5,"date",B$6)) -> #N/A | C15: =IF(GETPIVOTDATA("ITL",'ITL-PIVOT'!$A$3,"KV%",$A15,"Experiment",C$5,"date",C$6)=0,NA(),GETPIVOTDATA("ITL",'ITL-PIVOT'!$A$3,"KV%",$A15,"Experiment",C$5,"date",C$6)) -> #N/A | D15: =IF(GETPIVOTDATA("ITL",'ITL-PIVOT'!$A$3,"KV%",$A15,"Experiment",D$5,"date",D$6)=0,NA(),GETPIVOTDATA("ITL",'ITL-PIVOT'!$A$3,"KV%",$A15,"Experiment",D$5,"date",D$6)) -> #N/A | E15: =IF(GETPIVOTDATA("ITL",'ITL-PIVOT'!$A$3,"KV%",$A15,"Experiment",E$5,"date",E$6)=0,NA(),GETPIVOTDATA("ITL",'ITL-PIVOT'!$A$3,"KV%",$A15,"Experiment",E$5,"date",E$6)) -> 0.0096815497 | F15: =IF(GETPIVOTDATA("ITL",'ITL-PIVOT'!$A$3,"KV%",$A15,"Experiment",F$5,"date",F$6)=0,NA(),GETPIVOTDATA("ITL",'ITL-PIVOT'!$A$3,"KV%",$A15,"Experiment",F$5,"date",F$6)) -> #N/A | G15: =IF(GETPIVOTDATA("ITL",'ITL-PIVOT'!$A$3,"KV%",$A15,"Experiment",G$5,"date",G$6)=0,NA(),GETPIVOTDATA("ITL",'ITL-PIVOT'!$A$3,"KV%",$A15,"Experiment",G$5,"date",G$6)) -> #N/A | H15: =IF(GETPIVOTDATA("ITL",'ITL-PIVOT'!$A$3,"KV%",$A15,"Experiment",H$5,"date",H$6)=0,NA(),GETPIVOTDATA("ITL",'ITL-PIVOT'!$A$3,"KV%",$A15,"Experiment",H$5,"date",H$6)) -> #N/A | I15: =IF(GETPIVOTDATA("ITL",'ITL-PIVOT'!$A$3,"KV%",$A15,"Experiment",I$5,"date",I$6)=0,NA(),GETPIVOTDATA("ITL",'ITL-PIVOT'!$A$3,"KV%",$A15,"Experiment",I$5,"date",I$6)) -> #N/A | ... M15: =IF(GETPIVOTDATA("ITL",'ITL-PIVOT'!$A$3,"KV%",$A15,"Experiment",M$5,"date",M$6)=0,NA(),GETPIVOTDATA("ITL",'ITL-PIVOT'!$A$3,"KV%",$A15,"Experiment",M$5,"date",M$6)) -> #N/A
A16: =IF('ITL-PIVOT'!A14=0,NA(),'ITL-PIVOT'!A14) -> 0.035640373 | B16: =IF(GETPIVOTDATA("ITL",'ITL-PIVOT'!$A$3,"KV%",$A16,"Experiment",B$5,"date",B$6)=0,NA(),GETPIVOTDATA("ITL",'ITL-PIVOT'!$A$3,"KV%",$A16,"Experiment",B$5,"date",B$6)) -> #N/A | C16: =IF(GETPIVOTDATA("ITL",'ITL-PIVOT'!$A$3,"KV%",$A16,"Experiment",C$5,"date",C$6)=0,NA(),GETPIVOTDATA("ITL",'ITL-PIVOT'!$A$3,"KV%",$A16,"Experiment",C$5,"date",C$6)) -> 0.0080706953 | D16: =IF(GETPIVOTDATA("ITL",'ITL-PIVOT'!$A$3,"KV%",$A16,"Experiment",D$5,"date",D$6)=0,NA(),GETPIVOTDATA("ITL",'ITL-PIVOT'!$A$3,"KV%",$A16,"Experiment",D$5,"date",D$6)) -> #N/A | E16: =IF(GETPIVOTDATA("ITL",'ITL-PIVOT'!$A$3,"KV%",$A16,"Experiment",E$5,"date",E$6)=0,NA(),GETPIVOTDATA("ITL",'ITL-PIVOT'!$A$3,"KV%",$A16,"Experiment",E$5,"date",E$6)) -> #N/A | F16: =IF(GETPIVOTDATA("ITL",'ITL-PIVOT'!$A$3,"KV%",$A16,"Experiment",F$5,"date",F$6)=0,NA(),GETPIVOTDATA("ITL",'ITL-PIVOT'!$A$3,"KV%",$A16,"Experiment",F$5,"date",F$6)) -> #N/A | G16: =IF(GETPIVOTDATA("ITL",'ITL-PIVOT'!$A$3,"KV%",$A16,"Experiment",G$5,"date",G$6)=0,NA(),GETPIVOTDATA("ITL",'ITL-PIVOT'!$A$3,"KV%",$A16,"Experiment",G$5,"date",G$6)) -> #N/A | H16: =IF(GETPIVOTDATA("ITL",'ITL-PIVOT'!$A$3,"KV%",$A16,"Experiment",H$5,"date",H$6)=0,NA(),GETPIVOTDATA("ITL",'ITL-PIVOT'!$A$3,"KV%",$A16,"Experiment",H$5,"date",H$6)) -> #N/A | I16: =IF(GETPIVOTDATA("ITL",'ITL-PIVOT'!$A$3,"KV%",$A16,"Experiment",I$5,"date",I$6)=0,NA(),GETPIVOTDATA("ITL",'ITL-PIVOT'!$A$3,"KV%",$A16,"Experiment",I$5,"date",I$6)) -> #N/A | ... M16: =IF(GETPIVOTDATA("ITL",'ITL-PIVOT'!$A$3,"KV%",$A16,"Experiment",M$5,"date",M$6)=0,NA(),GETPIVOTDATA("ITL",'ITL-PIVOT'!$A$3,"KV%",$A16,"Experiment",M$5,"date",M$6)) -> #N/A
A17: =IF('ITL-PIVOT'!A15=0,NA(),'ITL-PIVOT'!A15) -> 0.036869666 | B17: =IF(GETPIVOTDATA("ITL",'ITL-PIVOT'!$A$3,"KV%",$A17,"Experiment",B$5,"date",B$6)=0,NA(),GETPIVOTDATA("ITL",'ITL-PIVOT'!$A$3,"KV%",$A17,"Experiment",B$5,"date",B$6)) -> 0.0081016796 | C17: =IF(GETPIVOTDATA("ITL",'ITL-PIVOT'!$A$3,"KV%",$A17,"Experiment",C$5,"date",C$6)=0,NA(),GETPIVOTDATA("ITL",'ITL-PIVOT'!$A$3,"KV%",$A17,"Experiment",C$5,"date",C$6)) -> #N/A | D17: =IF(GETPIVOTDATA("ITL",'ITL-PIVOT'!$A$3,"KV%",$A17,"Experiment",D$5,"date",D$6)=0,NA(),GETPIVOTDATA("ITL",'ITL-PIVOT'!$A$3,"KV%",$A17,"Experiment",D$5,"date",D$6)) -> #N/A | E17: =IF(GETPIVOTDATA("ITL",'ITL-PIVOT'!$A$3,"KV%",$A17,"Experiment",E$5,"date",E$6)=0,NA(),GETPIVOTDATA("ITL",'ITL-PIVOT'!$A$3,"KV%",$A17,"Experiment",E$5,"date",E$6)) -> #N/A | F17: =IF(GETPIVOTDATA("ITL",'ITL-PIVOT'!$A$3,"KV%",$A17,"Experiment",F$5,"date",F$6)=0,NA(),GETPIVOTDATA("ITL",'ITL-PIVOT'!$A$3,"KV%",$A17,"Experiment",F$5,"date",F$6)) -> #N/A | G17: =IF(GETPIVOTDATA("ITL",'ITL-PIVOT'!$A$3,"KV%",$A17,"Experiment",G$5,"date",G$6)=0,NA(),GETPIVOTDATA("ITL",'ITL-PIVOT'!$A$3,"KV%",$A17,"Experiment",G$5,"date",G$6)) -> #N/A | H17: =IF(GETPIVOTDATA("ITL",'ITL-PIVOT'!$A$3,"KV%",$A17,"Experiment",H$5,"date",H$6)=0,NA(),GETPIVOTDATA("ITL",'ITL-PIVOT'!$A$3,"KV%",$A17,"Experiment",H$5,"date",H$6)) -> #N/A | I17: =IF(GETPIVOTDATA("ITL",'ITL-PIVOT'!$A$3,"KV%",$A17,"Experiment",I$5,"date",I$6)=0,NA(),GETPIVOTDATA("ITL",'ITL-PIVOT'!$A$3,"KV%",$A17,"Experiment",I$5,"date",I$6)) -> #N/A | ... M17: =IF(GETPIVOTDATA("ITL",'ITL-PIVOT'!$A$3,"KV%",$A17,"Experiment",M$5,"date",M$6)=0,NA(),GETPIVOTDATA("ITL",'ITL-PIVOT'!$A$3,"KV%",$A17,"Experiment",M$5,"date",M$6)) -> #N/A
A18: =IF('ITL-PIVOT'!A16=0,NA(),'ITL-PIVOT'!A16) -> 0.039849347 | B18: =IF(GETPIVOTDATA("ITL",'ITL-PIVOT'!$A$3,"KV%",$A18,"Experiment",B$5,"date",B$6)=0,NA(),GETPIVOTDATA("ITL",'ITL-PIVOT'!$A$3,"KV%",$A18,"Experiment",B$5,"date",B$6)) -> #N/A | C18: =IF(GETPIVOTDATA("ITL",'ITL-PIVOT'!$A$3,"KV%",$A18,"Experiment",C$5,"date",C$6)=0,NA(),GETPIVOTDATA("ITL",'ITL-PIVOT'!$A$3,"KV%",$A18,"Experiment",C$5,"date",C$6)) -> 0.0082483981 | D18: =IF(GETPIVOTDATA("ITL",'ITL-PIVOT'!$A$3,"KV%",$A18,"Experiment",D$5,"date",D$6)=0,NA(),GETPIVOTDATA("ITL",'ITL-PIVOT'!$A$3,"KV%",$A18,"Experiment",D$5,"date",D$6)) -> #N/A | E18: =IF(GETPIVOTDATA("ITL",'ITL-PIVOT'!$A$3,"KV%",$A18,"Experiment",E$5,"date",E$6)=0,NA(),GETPIVOTDATA("ITL",'ITL-PIVOT'!$A$3,"KV%",$A18,"Experiment",E$5,"date",E$6)) -> #N/A | F18: =IF(GETPIVOTDATA("ITL",'ITL-PIVOT'!$A$3,"KV%",$A18,"Experiment",F$5,"date",F$6)=0,NA(),GETPIVOTDATA("ITL",'ITL-PIVOT'!$A$3,"KV%",$A18,"Experiment",F$5,"date",F$6)) -> #N/A | G18: =IF(GETPIVOTDATA("ITL",'ITL-PIVOT'!$A$3,"KV%",$A18,"Experiment",G$5,"date",G$6)=0,NA(),GETPIVOTDATA("ITL",'ITL-PIVOT'!$A$3,"KV%",$A18,"Experiment",G$5,"date",G$6)) -> #N/A | H18: =IF(GETPIVOTDATA("ITL",'ITL-PIVOT'!$A$3,"KV%",$A18,"Experiment",H$5,"date",H$6)=0,NA(),GETPIVOTDATA("ITL",'ITL-PIVOT'!$A$3,"KV%",$A18,"Experiment",H$5,"date",H$6)) -> #N/A | I18: =IF(GETPIVOTDATA("ITL",'ITL-PIVOT'!$A$3,"KV%",$A18,"Experiment",I$5,"date",I$6)=0,NA(),GETPIVOTDATA("ITL",'ITL-PIVOT'!$A$3,"KV%",$A18,"Experiment",I$5,"date",I$6)) -> #N/A | ... M18: =IF(GETPIVOTDATA("ITL",'ITL-PIVOT'!$A$3,"KV%",$A18,"Experiment",M$5,"date",M$6)=0,NA(),GETPIVOTDATA("ITL",'ITL-PIVOT'!$A$3,"KV%",$A18,"Experiment",M$5,"date",M$6)) -> #N/A
A19: =IF('ITL-PIVOT'!A17=0,NA(),'ITL-PIVOT'!A17) -> 0.041308812 | B19: =IF(GETPIVOTDATA("ITL",'ITL-PIVOT'!$A$3,"KV%",$A19,"Experiment",B$5,"date",B$6)=0,NA(),GETPIVOTDATA("ITL",'ITL-PIVOT'!$A$3,"KV%",$A19,"Experiment",B$5,"date",B$6)) -> #N/A | C19: =IF(GETPIVOTDATA("ITL",'ITL-PIVOT'!$A$3,"KV%",$A19,"Experiment",C$5,"date",C$6)=0,NA(),GETPIVOTDATA("ITL",'ITL-PIVOT'!$A$3,"KV%",$A19,"Experiment",C$5,"date",C$6)) -> #N/A | D19: =IF(GETPIVOTDATA("ITL",'ITL-PIVOT'!$A$3,"KV%",$A19,"Experiment",D$5,"date",D$6)=0,NA(),GETPIVOTDATA("ITL",'ITL-PIVOT'!$A$3,"KV%",$A19,"Experiment",D$5,"date",D$6)) -> 0.0090757149 | E19: =IF(GETPIVOTDATA("ITL",'ITL-PIVOT'!$A$3,"KV%",$A19,"Experiment",E$5,"date",E$6)=0,NA(),GETPIVOTDATA("ITL",'ITL-PIVOT'!$A$3,"KV%",$A19,"Experiment",E$5,"date",E$6)) -> #N/A | F19: =IF(GETPIVOTDATA("ITL",'ITL-PIVOT'!$A$3,"KV%",$A19,"Experiment",F$5,"date",F$6)=0,NA(),GETPIVOTDATA("ITL",'ITL-PIVOT'!$A$3,"KV%",$A19,"Experiment",F$5,"date",F$6)) -> #N/A | G19: =IF(GETPIVOTDATA("ITL",'ITL-PIVOT'!$A$3,"KV%",$A19,"Experiment",G$5,"date",G$6)=0,NA(),GETPIVOTDATA("ITL",'ITL-PIVOT'!$A$3,"KV%",$A19,"Experiment",G$5,"date",G$6)) -> #N/A | H19: =IF(GETPIVOTDATA("ITL",'ITL-PIVOT'!$A$3,"KV%",$A19,"Experiment",H$5,"date",H$6)=0,NA(),GETPIVOTDATA("ITL",'ITL-PIVOT'!$A$3,"KV%",$A19,"Experiment",H$5,"date",H$6)) -> #N/A | I19: =IF(GETPIVOTDATA("ITL",'ITL-PIVOT'!$A$3,"KV%",$A19,"Experiment",I$5,"date",I$6)=0,NA(),GETPIVOTDATA("ITL",'ITL-PIVOT'!$A$3,"KV%",$A19,"Experiment",I$5,"date",I$6)) -> #N/A | ... M19: =IF(GETPIVOTDATA("ITL",'ITL-PIVOT'!$A$3,"KV%",$A19,"Experiment",M$5,"date",M$6)=0,NA(),GETPIVOTDATA("ITL",'ITL-PIVOT'!$A$3,"KV%",$A19,"Experiment",M$5,"date",M$6)) -> #N/A
... A222: =IF('ITL-PIVOT'!A220=0,NA(),'ITL-PIVOT'!A220) -> 0.90925288 | B222: =IF(GETPIVOTDATA("ITL",'ITL-PIVOT'!$A$3,"KV%",$A222,"Experiment",B$5,"date",B$6)=0,NA(),GETPIVOTDATA("ITL",'ITL-PIVOT'!$A$3,"KV%",$A222,"Experiment",B$5,"date",B$6)) -> #N/A | C222: =IF(GETPIVOTDATA("ITL",'ITL-PIVOT'!$A$3,"KV%",$A222,"Experiment",C$5,"date",C$6)=0,NA(),GETPIVOTDATA("ITL",'ITL-PIVOT'!$A$3,"KV%",$A222,"Experiment",C$5,"date",C$6)) -> 0.054345286 | D222: =IF(GETPIVOTDATA("ITL",'ITL-PIVOT'!$A$3,"KV%",$A222,"Experiment",D$5,"date",D$6)=0,NA(),GETPIVOTDATA("ITL",'ITL-PIVOT'!$A$3,"KV%",$A222,"Experiment",D$5,"date",D$6)) -> #N/A | E222: =IF(GETPIVOTDATA("ITL",'ITL-PIVOT'!$A$3,"KV%",$A222,"Experiment",E$5,"date",E$6)=0,NA(),GETPIVOTDATA("ITL",'ITL-PIVOT'!$A$3,"KV%",$A222,"Experiment",E$5,"date",E$6)) -> #N/A | F222: =IF(GETPIVOTDATA("ITL",'ITL-PIVOT'!$A$3,"KV%",$A222,"Experiment",F$5,"date",F$6)=0,NA(),GETPIVOTDATA("ITL",'ITL-PIVOT'!$A$3,"KV%",$A222,"Experiment",F$5,"date",F$6)) -> #N/A | G222: =IF(GETPIVOTDATA("ITL",'ITL-PIVOT'!$A$3,"KV%",$A222,"Experiment",G$5,"date",G$6)=0,NA(),GETPIVOTDATA("ITL",'ITL-PIVOT'!$A$3,"KV%",$A222,"Experiment",G$5,"date",G$6)) -> #N/A | H222: =IF(GETPIVOTDATA("ITL",'ITL-PIVOT'!$A$3,"KV%",$A222,"Experiment",H$5,"date",H$6)=0,NA(),GETPIVOTDATA("ITL",'ITL-PIVOT'!$A$3,"KV%",$A222,"Experiment",H$5,"date",H$6)) -> #N/A | I222: =IF(GETPIVOTDATA("ITL",'ITL-PIVOT'!$A$3,"KV%",$A222,"Experiment",I$5,"date",I$6)=0,NA(),GETPIVOTDATA("ITL",'ITL-PIVOT'!$A$3,"KV%",$A222,"Experiment",I$5,"date",I$6)) -> #N/A | ... M222: =IF(GETPIVOTDATA("ITL",'ITL-PIVOT'!$A$3,"KV%",$A222,"Experiment",M$5,"date",M$6)=0,NA(),GETPIVOTDATA("ITL",'ITL-PIVOT'!$A$3,"KV%",$A222,"Experiment",M$5,"date",M$6)) -> #N/A

Sheet data
S1: Maximal KV cache Load | V1: Average Out-Token Load | AA1: Est Max Tok | AC1: Est Max Tok | AJ1: No queue | BB1: Max N Threshold
D2: =AVERAGE(INDIRECT("Table1[["&D$5&"]]")) -> 0.40966159 | H2: =AVERAGE(INDIRECT("Table1[["&H$5&"]]")) -> 2.1156208 | I2: =AVERAGE(INDIRECT("Table1[["&I$5&"]]")) -> 0.37342867 | J2: =AVERAGE(INDIRECT("Table1[["&J$5&"]]")) -> 2.7171722 | K2: =AVERAGE(INDIRECT("Table1[["&K$5&"]]")) -> 5.7061617 | L2: =AVERAGE(INDIRECT("Table1[["&L$5&"]]")) -> 6.2199588 | M2: =AVERAGE(INDIRECT("Table1[["&M$5&"]]")) -> 0.029235323 | N2: =AVERAGE(INDIRECT("Table1[["&N$5&"]]")) -> 13.596276 | O2: =AVERAGE(INDIRECT("Table1[["&O$5&"]]")) -> 18604.567 | ... R2: =AVERAGE(INDIRECT("Table1[["&R$5&"]]")) -> 42.862791 | S2: 0.8 | V2: 0.5 | Y2: =MAX(Table1[Ratio]) -> 60 | AA2: =AVERAGE(Table1[MaxTok(N)]) -> 481946.05 | AC2: =AVERAGE(Table1[MaxTok(Run)]) -> 387912.26 | AE2: =AVERAGE(Table1[MaxTok(MaxRun)]) -> 387879.62 | AI2: =AVERAGE(Table1[GPSestErr]) -> 0.87289793 | AO2: =([@[KV%]]*[@[MaxTok(Run)]]/([@RPS]*[@[tok/req]])-[@Prefill])/[@[Out-Tok]] | BB2: 0.75 | BP2: 1000 | BQ2: 0.005 | BR2: 0.1 | BS2: 0.01 | BT2: 1 | BU2: 5 | BV2: 1000
A3: =COUNTA(INDIRECT("Table1[["&A$5&"]]")) -> 215 | B3: =COUNTA(INDIRECT("Table1[["&B$5&"]]")) -> 215 | C3: =COUNTA(INDIRECT("Table1[["&C$5&"]]")) -> 215 | D3: =COUNTA(INDIRECT("Table1[["&D$5&"]]")) -> 215 | E3: =COUNTA(INDIRECT("Table1[["&E$5&"]]")) -> 215 | F3: =COUNTA(INDIRECT("Table1[["&F$5&"]]")) -> 215 | G3: =COUNTA(INDIRECT("Table1[["&G$5&"]]")) -> 69 | H3: =COUNTA(INDIRECT("Table1[["&H$5&"]]")) -> 215 | ... R3: =COUNTA(INDIRECT("Table1[["&R$5&"]]")) -> 215 | AA3: =_xlfn.STDEV.S(Table1[MaxTok(N)]) -> 101714.2 | AC3: =_xlfn.STDEV.S(Table1[MaxTok(Run)]) -> 1495.9741 | AE3: =_xlfn.STDEV.S(Table1[MaxTok(MaxRun)]) -> 2978.5083 | AI3: =_xlfn.STDEV.S(Table1[GPSestErr]) -> 0.13935029 | BP3: [@[tok/req]] | BQ3: [@ITL] | BR3: [@Kvcache] | BS3: [@Kvcache] | BT3: [@Run] | BU3: [@Ratio] | BV3: [@[In-Tok]]
A4: Requests | U4: Demand | Z4: Estimated Token Load | AF4: Current Supply | BP4: Buckets | CQ4: 0.5 | CR4: 388142 | CS4: 387973 | CT4: 311323 | CU4: 388142 | CV4: 0.8
A5: In-Tok | B5: Out-Tok | C5: RPS | D5: KV% | E5: Experiment | F5: date | G5: PHR | H5: TTFT | I5: Prefill | J5: L_TTFT | K5: L_P95_TTFT | L5: L_P98_TTFT | M5: ITL | N5: E2E | O5: PPS | P5: GPS | Q5: Run | R5: MaxRun | S5: Kvcache | T5: MaxKvcache | U5: tok/sec | V5: tok/req | W5: In/sec | X5: Out/sec | Y5: Ratio | Z5: tok(N) | AA5: MaxTok(N) | AB5: tok(Run) | AC5: MaxTok(Run) | AD5: tok(MaxRun) | AE5: MaxTok(MaxRun) | AF5: Nprefill | AG5: Ndecode | AH5: N | AI5: GPSestErr | AJ5: estTTFT | AK5: TTFT% | AL5: estPrefill | AM5: Prefill% | AN5: Prefill/TTFT | AO5: estITL | AP5: estITL% | AQ5: estDecode | AR5: param | AS5: E2E-sat | AT5: estE2E | AU5: E2E% | AV5: estRPS | AW5: RPS(IL) | AX5: RPS(IL)% | AY5: RPS(OL) | AZ5: RPS(OL)% | BA5: N-max | BB5: N% | BC5: RPS success | BD5: est-In-Tok3 | BE5: err%-In-Tok3 | BF5: est-Out-Tok3 | BG5: err%-Out-Tok3 | BH5: est-Tok/Req3 | BI5: err%-Tok/Req3 | BJ5: est-N-max3 | BK5: err%-N-max3 | BL5: est-Tok/Req | BM5: err%-Tok/Req | BN5: est-N-max2 | BO5: est-N-max | BP5: B-tok/req | BQ5: B-ITL | BR5: B-Kvcache | BS5: B2-Kvcache | BT5: B-Run | BU5: B-Ratio | BV5: B-In-Tok | BW5: Column28 | BX5: Column29 | BY5: Column30 | BZ5: Column31 | CA5: Demand-T | CB5: Supply | CC5: Mrate | CD5: OTS | CE5: OTS-D | CF5: S/D | CH5: e2e sat | CI5: GPS*ITL | CJ5: PPS*PREFILL/IL | CK5: N2 | CL5: PPS/IL | CM5: GPS/OL | CN5: RUN/E2E | CO5: N/E2E | CP5: 2 | CQ5: Tokens load | CR5: C(R) | CS5: C(MaxR) | CT5: C(N) | CU5: N(maxT) | CV5: N%2 | CW5: Column1 | CX5: Column2 | CY5: relative cache
A6: 1000 | B6: 300 | C6: 2 | D6: =Table1[[#This Row],[Kvcache]] -> 0.010150558 | E6: 1-15K,300 | F6: 46092 | H6: 0.037026038 | I6: 0.032088905 | J6: 0.59547005 | K6: 0.7305009 | L6: 0.9761506 | M6: 0.0065961989 | N6: 2.0093214 | O6: 2261.5283 | P6: 633.58861 | Q6: 3.4068627 | R6: 8 | S6: 0.010150558 | T6: 0.024075511 | U6: =(Table1[[#This Row],[In-Tok]]+Table1[[#This Row],[Out-Tok]])*Table1[[#This Row],[RPS]] -> 2600 | V6: =Table1[[#This Row],[In-Tok]]+AvgOutLoad*Table1[[#This Row],[Out-Tok]] -> 1150 | W6: =Table1[[#This Row],[In-Tok]]*Table1[[#This Row],[RPS]] -> 2000 | X6: =Table1[[#This Row],[Out-Tok]]*Table1[[#This Row],[RPS]] -> 600 | Y6: =Table1[[#This Row],[In-Tok]]/Table1[[#This Row],[Out-Tok]] -> 3.3333333 | Z6: =Table1[[#This Row],[In-Tok]]*Table1[[#This Row],[N]]+AvgOutLoad*Table1[[#This Row],[Out-Tok]]*Table1[[#This Row],[Ndecode]] -> 4878.7379 | AA6: =Table1[[#This Row],[tok(N)]]/Table1[[#This Row],[Kvcache]] -> 480637.43 | AB6: =Table1[[#This Row],[tok/req]]*Table1[[#This Row],[Run]] -> 3917.8922 | AC6: =Table1[[#This Row],[tok(Run)]]/Table1[[#This Row],[Kvcache]] -> 385978.03 | AD6: =Table1[[#This Row],[tok/req]]*Table1[[#This Row],[MaxRun]] -> 9200 | AE6: =Table1[[#This Row],[tok(MaxRun)]]/Table1[[#This Row],[MaxKvcache]] -> 382131.04 | AF6: =Table1[[#This Row],[PPS]]*Table1[[#This Row],[Prefill]]/Table1[[#This Row],[In-Tok]] -> 0.072569968 | AG6: =Table1[[#This Row],[GPS]]*Table1[[#This Row],[ITL]] -> 4.1792765 | AH6: =Table1[[#This Row],[Nprefill]]+Table1[[#This Row],[Ndecode]] -> 4.2518464 | AI6: =Table1[[#This Row],[Run]]/Table1[[#This Row],[ITL]]/Table1[[#This Row],[GPS]] -> 0.81518004 | AJ6: =Table1[[#This Row],[Prefill]]+Table1[[#This Row],[ITL]] -> 0.038685104 | AK6: =Table1[[#This Row],[TTFT]]/Table1[[#This Row],[estTTFT]] -> 0.95711358 | AL6: =Table1[[#This Row],[In-Tok]]*Table1[[#This Row],[RPS]]/Table1[[#This Row],[PPS]] -> 0.8843577 | AM6: =Table1[[#This Row],[Prefill]]/Table1[[#This Row],[estPrefill]] -> 0.036284984 | AN6: =Table1[[#This Row],[Prefill]]/Table1[[#This Row],[TTFT]] -> 0.86665781 | AO6: =Table1[[#This Row],[Run]]/(Table1[[#This Row],[Out-Tok]]*Table1[[#This Row],[RPS]]) -> 0.0056781046 | AP6: =Table1[[#This Row],[ITL]]/Table1[[#This Row],[estITL]] -> 1.1616903 | AQ6: =Table1[[#This Row],[E2E]]-Table1[[#This Row],[TTFT]]+Table1[[#This Row],[ITL]] -> 1.9788915 | AR6: =Table1[[#This Row],[estDecode]]/Table1[[#This Row],[Run]] -> 0.5808545 | AS6: =Table1[[#This Row],[Prefill]]+Table1[[#This Row],[Out-Tok]]*Table1[[#This Row],[ITL]] -> 2.0109486 | AT6: =Table1[[#This Row],[estPrefill]]+Table1[[#This Row],[Out-Tok]]*Table1[[#This Row],[ITL]] -> 2.8632174 | AU6: =Table1[[#This Row],[E2E]]/Table1[[#This Row],[estE2E]] -> 0.70177047 | AV6: =Table1[[#This Row],[N]]/Table1[[#This Row],[estE2E]] -> 1.4849891 | AW6: =Table1[[#This Row],[PPS]]/Table1[[#This Row],[In-Tok]] -> 2.2615283 | AX6: =Table1[[#This Row],[RPS]]/Table1[[#This Row],[RPS(IL)]] -> 0.8843577 | AY6: =Table1[[#This Row],[GPS]]/Table1[[#This Row],[Out-Tok]] -> 2.111962 | AZ6: =Table1[[#This Row],[RPS]]/Table1[[#This Row],[RPS(OL)]] -> 0.94698672 | BA6: =MaxTok/Table1[[#This Row],[tok/req]] -> 337.31501 | BB6: =Table1[[#This Row],[N]]/Table1[[#This Row],[N-max]] -> 0.012604973 | BC6: =Table1[[#This Row],[RPS]] -> 2 | BD6: =Table1[[#This Row],[PPS]]/Table1[[#This Row],[RPS success]] -> 1130.7642 | BE6: =ABS(Table1[[#This Row],[est-In-Tok3]]-Table1[[#This Row],[In-Tok]])/Table1[[#This Row],[In-Tok]] -> 0.13076417 | BF6: =Table1[[#This Row],[GPS]]/Table1[[#This Row],[RPS success]] -> 316.79431 | BG6: =ABS(Table1[[#This Row],[est-Out-Tok3]]-Table1[[#This Row],[Out-Tok]])/Table1[[#This Row],[Out-Tok]] -> 0.055981019 | BH6: =Table1[[#This Row],[est-In-Tok3]]+AvgOutLoad*Table1[[#This Row],[est-Out-Tok3]] -> 1289.1613 | BI6: =ABS(Table1[[#This Row],[est-Tok/Req3]]-Table1[[#This Row],[tok/req]])/Table1[[#This Row],[tok/req]] -> 0.12100984 | BJ6: =MaxTok/Table1[[#This Row],[est-Tok/Req3]] -> 300.90281 | BK6: =ABS(Table1[[#This Row],[est-N-max3]]-Table1[[#This Row],[N-max]])/Table1[[#This Row],[N-max]] -> 0.10794717 | BL6: =MaxTok*Table1[[#This Row],[Kvcache]]/Table1[[#This Row],[Run]] -> 1155.7629 | BM6: =ABS(Table1[[#This Row],[est-Tok/Req]]-Table1[[#This Row],[tok/req]])/Table1[[#This Row],[tok/req]] -> 0.0050112575 | BN6: =MaxTok/Table1[[#This Row],[est-Tok/Req]] -> 335.63307 | BO6: =Table1[[#This Row],[Run]]/Table1[[#This Row],[Kvcache]] -> 335.63307 | BP6: {=_xlfn.CEILING.MATH(INDIRECT("Table1"&BP$3)/BP$2)*BP$2} -> 2000 | BQ6: {=_xlfn.CEILING.MATH(INDIRECT("Table1"&BQ$3)/BQ$2)*BQ$2} -> 0.01 | BR6: {=_xlfn.CEILING.MATH(INDIRECT("Table1"&BR$3)/BR$2)*BR$2} -> 0.1 | BS6: {=_xlfn.CEILING.MATH(INDIRECT("Table1"&BS$3)/BS$2)*BS$2} -> 0.02 | BT6: {=_xlfn.CEILING.MATH(INDIRECT("Table1"&BT$3)/BT$2)*BT$2} -> 4 | BU6: {=_xlfn.CEILING.MATH(INDIRECT("Table1"&BU$3)/BU$2)*BU$2} -> 5 | BV6: {=_xlfn.CEILING.MATH(INDIRECT("Table1"&BV$3)/BV$2)*BV$2} -> 1000 | BY6: 0.024075511 | CA6: =(Table1[[#This Row],[In-Tok]]+Table1[[#This Row],[Out-Tok]])*Table1[[#This Row],[RPS]] -> 2600 | CB6: =R6*(A6+B6/2)/T6 -> 382131.04 | CC6: =Table1[[#This Row],[Supply]]/(Table1[[#This Row],[Prefill]]+Table1[[#This Row],[Out-Tok]]*Table1[[#This Row],[ITL]]) -> 190025.27 | CD6: =Table1[[#This Row],[MaxRun]]/Table1[[#This Row],[ITL]] -> 1212.8197 | CE6: =Table1[[#This Row],[Out-Tok]]*Table1[[#This Row],[RPS]] -> 600 | CF6: =Table1[[#This Row],[Supply]]/Table1[[#This Row],[Demand-T]] -> 146.97348 | CH6: =Table1[[#This Row],[Prefill]]+Table1[[#This Row],[Out-Tok]]*Table1[[#This Row],[ITL]] -> 2.0109486 | CI6: =Table1[[#This Row],[GPS]]*Table1[[#This Row],[ITL]] -> 4.1792765 | CJ6: =Table1[[#This Row],[PPS]]*Table1[[#This Row],[Prefill]]/Table1[[#This Row],[In-Tok]] -> 0.072569968 | CK6: =CI6+CJ6 -> 4.2518464 | CL6: =Table1[[#This Row],[PPS]]/Table1[[#This Row],[In-Tok]] -> 2.2615283 | CM6: =Table1[[#This Row],[GPS]]/Table1[[#This Row],[Out-Tok]] -> 2.111962 | CN6: =Table1[[#This Row],[Run]]/Table1[[#This Row],[E2E]] -> 1.695529 | CO6: =Table1[[#This Row],[N2]]/Table1[[#This Row],[E2E]] -> 2.1160609 | CQ6: =Table1[[#This Row],[In-Tok]]+AvgOutLoad*Table1[[#This Row],[Out-Tok]] -> 1150 | CR6: =CD6*CQ6/CF6 -> 9489.7575 | CS6: =CE6*CQ6/CG6 -> #DIV/0! | CT6: =(CJ6*M6+CI6*CQ6)/CG6 -> #DIV/0! | CU6: =$CL$4/CQ6 -> 0 | CV6: =CK6/CU6 -> #DIV/0! | CW6: =Table1[[#This Row],[N(maxT)]]/Table1[[#This Row],[e2e sat]] -> 0 | CX6: =Table1[[#This Row],[RPS]]/CW6 -> #DIV/0! | CY6: =Table1[[#This Row],[Kvcache]]/$T$4 -> #DIV/0!
A7: 2000 | B7: 300 | C7: 2 | D7: =Table1[[#This Row],[Kvcache]] -> 0.019997642 | E7: 1-15K,300 | F7: 46092 | H7: 0.060708238 | I7: 0.054781456 | J7: 0.61998407 | K7: 0.76988332 | L7: 0.84733686 | M7: 0.0072804041 | N7: 2.2369355 | O7: 4844.9033 | P7: 679.72083 | Q7: 3.5821078 | R7: 7.6666667 | S7: 0.019997642 | T7: 0.042487717 | U7: =(Table1[[#This Row],[In-Tok]]+Table1[[#This Row],[Out-Tok]])*Table1[[#This Row],[RPS]] -> 4600 | V7: =Table1[[#This Row],[In-Tok]]+AvgOutLoad*Table1[[#This Row],[Out-Tok]] -> 2150 | W7: =Table1[[#This Row],[In-Tok]]*Table1[[#This Row],[RPS]] -> 4000 | X7: =Table1[[#This Row],[Out-Tok]]*Table1[[#This Row],[RPS]] -> 600 | Y7: =Table1[[#This Row],[In-Tok]]/Table1[[#This Row],[Out-Tok]] -> 6.6666667 | Z7: =Table1[[#This Row],[In-Tok]]*Table1[[#This Row],[N]]+AvgOutLoad*Table1[[#This Row],[Out-Tok]]*Table1[[#This Row],[Ndecode]] -> 10904.992 | AA7: =Table1[[#This Row],[tok(N)]]/Table1[[#This Row],[Kvcache]] -> 545313.88 | AB7: =Table1[[#This Row],[tok/req]]*Table1[[#This Row],[Run]] -> 7701.5319 | AC7: =Table1[[#This Row],[tok(Run)]]/Table1[[#This Row],[Kvcache]] -> 385122 | AD7: =Table1[[#This Row],[tok/req]]*Table1[[#This Row],[MaxRun]] -> 16483.333 | AE7: =Table1[[#This Row],[tok(MaxRun)]]/Table1[[#This Row],[MaxKvcache]] -> 387955.26 | AF7: =Table1[[#This Row],[PPS]]*Table1[[#This Row],[Prefill]]/Table1[[#This Row],[In-Tok]] -> 0.13270543 | AG7: =Table1[[#This Row],[GPS]]*Table1[[#This Row],[ITL]] -> 4.9486423 | AH7: =Table1[[#This Row],[Nprefill]]+Table1[[#This Row],[Ndecode]] -> 5.0813478 | AI7: =Table1[[#This Row],[Run]]/Table1[[#This Row],[ITL]]/Table1[[#This Row],[GPS]] -> 0.72385669 | AJ7: =Table1[[#This Row],[Prefill]]+Table1[[#This Row],[ITL]] -> 0.06206186 | AK7: =Table1[[#This Row],[TTFT]]/Table1[[#This Row],[estTTFT]] -> 0.97818914 | AL7: =Table1[[#This Row],[In-Tok]]*Table1[[#This Row],[RPS]]/Table1[[#This Row],[PPS]] -> 0.82560987 | AM7: =Table1[[#This Row],[Prefill]]/Table1[[#This Row],[estPrefill]] -> 0.066352715 | AN7: =Table1[[#This Row],[Prefill]]/Table1[[#This Row],[TTFT]] -> 0.9023727 | AO7: =Table1[[#This Row],[Run]]/(Table1[[#This Row],[Out-Tok]]*Table1[[#This Row],[RPS]]) -> 0.0059701797 | AP7: =Table1[[#This Row],[ITL]]/Table1[[#This Row],[estITL]] -> 1.2194615 | AQ7: =Table1[[#This Row],[E2E]]-Table1[[#This Row],[TTFT]]+Table1[[#This Row],[ITL]] -> 2.1835076 | AR7: =Table1[[#This Row],[estDecode]]/Table1[[#This Row],[Run]] -> 0.60955944 | AS7: =Table1[[#This Row],[Prefill]]+Table1[[#This Row],[Out-Tok]]*Table1[[#This Row],[ITL]] -> 2.2389027 | AT7: =Table1[[#This Row],[estPrefill]]+Table1[[#This Row],[Out-Tok]]*Table1[[#This Row],[ITL]] -> 3.0097311 | AU7: =Table1[[#This Row],[E2E]]/Table1[[#This Row],[estE2E]] -> 0.74323433 | AV7: =Table1[[#This Row],[N]]/Table1[[#This Row],[estE2E]] -> 1.6883062 | AW7: =Table1[[#This Row],[PPS]]/Table1[[#This Row],[In-Tok]] -> 2.4224517 | AX7: =Table1[[#This Row],[RPS]]/Table1[[#This Row],[RPS(IL)]] -> 0.82560987 | AY7: =Table1[[#This Row],[GPS]]/Table1[[#This Row],[Out-Tok]] -> 2.2657361 | AZ7: =Table1[[#This Row],[RPS]]/Table1[[#This Row],[RPS(OL)]] -> 0.88271533 | BA7: =MaxTok/Table1[[#This Row],[tok/req]] -> 180.42431 | BB7: =Table1[[#This Row],[N]]/Table1[[#This Row],[N-max]] -> 0.028163321 | BC7: =Table1[[#This Row],[RPS]] -> 2 | BD7: =Table1[[#This Row],[PPS]]/Table1[[#This Row],[RPS success]] -> 2422.4517 | BE7: =ABS(Table1[[#This Row],[est-In-Tok3]]-Table1[[#This Row],[In-Tok]])/Table1[[#This Row],[In-Tok]] -> 0.21122583 | BF7: =Table1[[#This Row],[GPS]]/Table1[[#This Row],[RPS success]] -> 339.86042 | BG7: =ABS(Table1[[#This Row],[est-Out-Tok3]]-Table1[[#This Row],[Out-Tok]])/Table1[[#This Row],[Out-Tok]] -> 0.13286806 | BH7: =Table1[[#This Row],[est-In-Tok3]]+AvgOutLoad*Table1[[#This Row],[est-Out-Tok3]] -> 2592.3819 | BI7: =ABS(Table1[[#This Row],[est-Tok/Req3]]-Table1[[#This Row],[tok/req]])/Table1[[#This Row],[tok/req]] -> 0.20575901 | BJ7: =MaxTok/Table1[[#This Row],[est-Tok/Req3]] -> 149.63546 | BK7: =ABS(Table1[[#This Row],[est-N-max3]]-Table1[[#This Row],[N-max]])/Table1[[#This Row],[N-max]] -> 0.17064688 | BL7: =MaxTok*Table1[[#This Row],[Kvcache]]/Table1[[#This Row],[Run]] -> 2165.5771 | BM7: =ABS(Table1[[#This Row],[est-Tok/Req]]-Table1[[#This Row],[tok/req]])/Table1[[#This Row],[tok/req]] -> 0.0072451501 | BN7: =MaxTok/Table1[[#This Row],[est-Tok/Req]] -> 179.12651 | BO7: =Table1[[#This Row],[Run]]/Table1[[#This Row],[Kvcache]] -> 179.12651 | BP7: {=_xlfn.CEILING.MATH(INDIRECT("Table1"&BP$3)/BP$2)*BP$2} -> 3000 | BQ7: {=_xlfn.CEILING.MATH(INDIRECT("Table1"&BQ$3)/BQ$2)*BQ$2} -> 0.01 | BR7: {=_xlfn.CEILING.MATH(INDIRECT("Table1"&BR$3)/BR$2)*BR$2} -> 0.1 | BS7: {=_xlfn.CEILING.MATH(INDIRECT("Table1"&BS$3)/BS$2)*BS$2} -> 0.02 | BT7: {=_xlfn.CEILING.MATH(INDIRECT("Table1"&BT$3)/BT$2)*BT$2} -> 4 | BU7: {=_xlfn.CEILING.MATH(INDIRECT("Table1"&BU$3)/BU$2)*BU$2} -> 10 | BV7: {=_xlfn.CEILING.MATH(INDIRECT("Table1"&BV$3)/BV$2)*BV$2} -> 2000 | BY7: 0.042487717 | CA7: =(Table1[[#This Row],[In-Tok]]+Table1[[#This Row],[Out-Tok]])*Table1[[#This Row],[RPS]] -> 4600 | CB7: =R7*(A7+B7/2)/T7 -> 387955.26 | CC7: =Table1[[#This Row],[Supply]]/(Table1[[#This Row],[Prefill]]+Table1[[#This Row],[Out-Tok]]*Table1[[#This Row],[ITL]]) -> 173279.2 | CD7: =Table1[[#This Row],[MaxRun]]/Table1[[#This Row],[ITL]] -> 1053.0551 | CE7: =Table1[[#This Row],[Out-Tok]]*Table1[[#This Row],[RPS]] -> 600 | CF7: =Table1[[#This Row],[Supply]]/Table1[[#This Row],[Demand-T]] -> 84.338101 | CH7: =Table1[[#This Row],[Prefill]]+Table1[[#This Row],[Out-Tok]]*Table1[[#This Row],[ITL]] -> 2.2389027 | CI7: =Table1[[#This Row],[GPS]]*Table1[[#This Row],[ITL]] -> 4.9486423 | CJ7: =Table1[[#This Row],[PPS]]*Table1[[#This Row],[Prefill]]/Table1[[#This Row],[In-Tok]] -> 0.13270543 | CK7: =CI7+CJ7 -> 5.0813478 | CL7: =Table1[[#This Row],[PPS]]/Table1[[#This Row],[In-Tok]] -> 2.4224517 | CM7: =Table1[[#This Row],[GPS]]/Table1[[#This Row],[Out-Tok]] -> 2.2657361 | CN7: =Table1[[#This Row],[Run]]/Table1[[#This Row],[E2E]] -> 1.6013461 | CO7: =Table1[[#This Row],[N2]]/Table1[[#This Row],[E2E]] -> 2.2715665 | CQ7: =Table1[[#This Row],[In-Tok]]+AvgOutLoad*Table1[[#This Row],[Out-Tok]] -> 2150 | CR7: =CD7*CQ7/CF7 -> 26845.144 | CS7: =CE7*CQ7/CG7 -> #DIV/0! | CT7: =(CJ7*M7+CI7*CQ7)/CG7 -> #DIV/0! | CU7: =$CL$4/CQ7 -> 0 | CV7: =CK7/CU7 -> #DIV/0! | CW7: =Table1[[#This Row],[N(maxT)]]/Table1[[#This Row],[e2e sat]] -> 0 | CX7: =Table1[[#This Row],[RPS]]/CW7 -> #DIV/0! | CY7: =Table1[[#This Row],[Kvcache]]/$T$4 -> #DIV/0!
A8: 3000 | B8: 300 | C8: 2 | D8: =Table1[[#This Row],[Kvcache]] -> 0.039849347 | E8: 1-15K,300 | F8: 46092 | H8: 0.089187976 | I8: 0.081037996 | J8: 0.68898617 | K8: 0.89063829 | L8: 0.99142998 | M8: 0.0082483981 | N8: 2.5531482 | O8: 7408.6961 | P8: 691.59111 | Q8: 4.8786765 | R8: 11 | S8: 0.039849347 | T8: 0.089604344 | U8: =(Table1[[#This Row],[In-Tok]]+Table1[[#This Row],[Out-Tok]])*Table1[[#This Row],[RPS]] -> 6600 | V8: =Table1[[#This Row],[In-Tok]]+AvgOutLoad*Table1[[#This Row],[Out-Tok]] -> 3150 | W8: =Table1[[#This Row],[In-Tok]]*Table1[[#This Row],[RPS]] -> 6000 | X8: =Table1[[#This Row],[Out-Tok]]*Table1[[#This Row],[RPS]] -> 600 | Y8: =Table1[[#This Row],[In-Tok]]/Table1[[#This Row],[Out-Tok]] -> 10 | Z8: =Table1[[#This Row],[In-Tok]]*Table1[[#This Row],[N]]+AvgOutLoad*Table1[[#This Row],[Out-Tok]]*Table1[[#This Row],[Ndecode]] -> 18569.62 | AA8: =Table1[[#This Row],[tok(N)]]/Table1[[#This Row],[Kvcache]] -> 465995.59 | AB8: =Table1[[#This Row],[tok/req]]*Table1[[#This Row],[Run]] -> 15367.831 | AC8: =Table1[[#This Row],[tok(Run)]]/Table1[[#This Row],[Kvcache]] -> 385648.24 | AD8: =Table1[[#This Row],[tok/req]]*Table1[[#This Row],[MaxRun]] -> 34650 | AE8: =Table1[[#This Row],[tok(MaxRun)]]/Table1[[#This Row],[MaxKvcache]] -> 386700 | AF8: =Table1[[#This Row],[PPS]]*Table1[[#This Row],[Prefill]]/Table1[[#This Row],[In-Tok]] -> 0.20012863 | AG8: =Table1[[#This Row],[GPS]]*Table1[[#This Row],[ITL]] -> 5.7045188 | AH8: =Table1[[#This Row],[Nprefill]]+Table1[[#This Row],[Ndecode]] -> 5.9046475 | AI8: =Table1[[#This Row],[Run]]/Table1[[#This Row],[ITL]]/Table1[[#This Row],[GPS]] -> 0.85523014 | AJ8: =Table1[[#This Row],[Prefill]]+Table1[[#This Row],[ITL]] -> 0.089286394 | AK8: =Table1[[#This Row],[TTFT]]/Table1[[#This Row],[estTTFT]] -> 0.99889773 | AL8: =Table1[[#This Row],[In-Tok]]*Table1[[#This Row],[RPS]]/Table1[[#This Row],[PPS]] -> 0.8098591 | AM8: =Table1[[#This Row],[Prefill]]/Table1[[#This Row],[estPrefill]] -> 0.10006431 | AN8: =Table1[[#This Row],[Prefill]]/Table1[[#This Row],[TTFT]] -> 0.90862019 | AO8: =Table1[[#This Row],[Run]]/(Table1[[#This Row],[Out-Tok]]*Table1[[#This Row],[RPS]]) -> 0.0081311275 | AP8: =Table1[[#This Row],[ITL]]/Table1[[#This Row],[estITL]] -> 1.0144224 | AQ8: =Table1[[#This Row],[E2E]]-Table1[[#This Row],[TTFT]]+Table1[[#This Row],[ITL]] -> 2.4722086 | AR8: =Table1[[#This Row],[estDecode]]/Table1[[#This Row],[Run]] -> 0.50673756 | AS8: =Table1[[#This Row],[Prefill]]+Table1[[#This Row],[Out-Tok]]*Table1[[#This Row],[ITL]] -> 2.5555574 | AT8: =Table1[[#This Row],[estPrefill]]+Table1[[#This Row],[Out-Tok]]*Table1[[#This Row],[ITL]] -> 3.2843785 | AU8: =Table1[[#This Row],[E2E]]/Table1[[#This Row],[estE2E]] -> 0.77736112 | AV8: =Table1[[#This Row],[N]]/Table1[[#This Row],[estE2E]] -> 1.7977975 | AW8: =Table1[[#This Row],[PPS]]/Table1[[#This Row],[In-Tok]] -> 2.4695654 | AX8: =Table1[[#This Row],[RPS]]/Table1[[#This Row],[RPS(IL)]] -> 0.8098591 | AY8: =Table1[[#This Row],[GPS]]/Table1[[#This Row],[Out-Tok]] -> 2.3053037 | AZ8: =Table1[[#This Row],[RPS]]/Table1[[#This Row],[RPS(OL)]] -> 0.86756465 | BA8: =MaxTok/Table1[[#This Row],[tok/req]] -> 123.14675 | BB8: =Table1[[#This Row],[N]]/Table1[[#This Row],[N-max]] -> 0.047948058 | BC8: =Table1[[#This Row],[RPS]] -> 2 | BD8: =Table1[[#This Row],[PPS]]/Table1[[#This Row],[RPS success]] -> 3704.3481 | BE8: =ABS(Table1[[#This Row],[est-In-Tok3]]-Table1[[#This Row],[In-Tok]])/Table1[[#This Row],[In-Tok]] -> 0.23478269 | BF8: =Table1[[#This Row],[GPS]]/Table1[[#This Row],[RPS success]] -> 345.79556 | BG8: =ABS(Table1[[#This Row],[est-Out-Tok3]]-Table1[[#This Row],[Out-Tok]])/Table1[[#This Row],[Out-Tok]] -> 0.15265185 | BH8: =Table1[[#This Row],[est-In-Tok3]]+AvgOutLoad*Table1[[#This Row],[est-Out-Tok3]] -> 3877.2458 | BI8: =ABS(Table1[[#This Row],[est-Tok/Req3]]-Table1[[#This Row],[tok/req]])/Table1[[#This Row],[tok/req]] -> 0.23087169 | BJ8: =MaxTok/Table1[[#This Row],[est-Tok/Req3]] -> 100.04841 | BK8: =ABS(Table1[[#This Row],[est-N-max3]]-Table1[[#This Row],[N-max]])/Table1[[#This Row],[N-max]] -> 0.18756764 | BL8: =MaxTok*Table1[[#This Row],[Kvcache]]/Table1[[#This Row],[Run]] -> 3168.4926 | BM8: =ABS(Table1[[#This Row],[est-Tok/Req]]-Table1[[#This Row],[tok/req]])/Table1[[#This Row],[tok/req]] -> 0.0058706798 | BN8: =MaxTok/Table1[[#This Row],[est-Tok/Req]] -> 122.42801 | BO8: =Table1[[#This Row],[Run]]/Table1[[#This Row],[Kvcache]] -> 122.42801 | BP8: {=_xlfn.CEILING.MATH(INDIRECT("Table1"&BP$3)/BP$2)*BP$2} -> 4000 | BQ8: {=_xlfn.CEILING.MATH(INDIRECT("Table1"&BQ$3)/BQ$2)*BQ$2} -> 0.01 | BR8: {=_xlfn.CEILING.MATH(INDIRECT("Table1"&BR$3)/BR$2)*BR$2} -> 0.1 | BS8: {=_xlfn.CEILING.MATH(INDIRECT("Table1"&BS$3)/BS$2)*BS$2} -> 0.04 | BT8: {=_xlfn.CEILING.MATH(INDIRECT("Table1"&BT$3)/BT$2)*BT$2} -> 5 | BU8: {=_xlfn.CEILING.MATH(INDIRECT("Table1"&BU$3)/BU$2)*BU$2} -> 10 | BV8: {=_xlfn.CEILING.MATH(INDIRECT("Table1"&BV$3)/BV$2)*BV$2} -> 3000 | BY8: 0.089604344 | CA8: =(Table1[[#This Row],[In-Tok]]+Table1[[#This Row],[Out-Tok]])*Table1[[#This Row],[RPS]] -> 6600 | CB8: =R8*(A8+B8/2)/T8 -> 386700 | CC8: =Table1[[#This Row],[Supply]]/(Table1[[#This Row],[Prefill]]+Table1[[#This Row],[Out-Tok]]*Table1[[#This Row],[ITL]]) -> 151317.28 | CD8: =Table1[[#This Row],[MaxRun]]/Table1[[#This Row],[ITL]] -> 1333.5923 | CE8: =Table1[[#This Row],[Out-Tok]]*Table1[[#This Row],[RPS]] -> 600 | CF8: =Table1[[#This Row],[Supply]]/Table1[[#This Row],[Demand-T]] -> 58.590909 | CH8: =Table1[[#This Row],[Prefill]]+Table1[[#This Row],[Out-Tok]]*Table1[[#This Row],[ITL]] -> 2.5555574 | CI8: =Table1[[#This Row],[GPS]]*Table1[[#This Row],[ITL]] -> 5.7045188 | CJ8: =Table1[[#This Row],[PPS]]*Table1[[#This Row],[Prefill]]/Table1[[#This Row],[In-Tok]] -> 0.20012863 | CK8: =CI8+CJ8 -> 5.9046475 | CL8: =Table1[[#This Row],[PPS]]/Table1[[#This Row],[In-Tok]] -> 2.4695654 | CM8: =Table1[[#This Row],[GPS]]/Table1[[#This Row],[Out-Tok]] -> 2.3053037 | CN8: =Table1[[#This Row],[Run]]/Table1[[#This Row],[E2E]] -> 1.9108474 | CO8: =Table1[[#This Row],[N2]]/Table1[[#This Row],[E2E]] -> 2.3126928 | CQ8: =Table1[[#This Row],[In-Tok]]+AvgOutLoad*Table1[[#This Row],[Out-Tok]] -> 3150 | CR8: =CD8*CQ8/CF8 -> 71697.397 | CS8: =CE8*CQ8/CG8 -> #DIV/0! | CT8: =(CJ8*M8+CI8*CQ8)/CG8 -> #DIV/0! | CU8: =$CL$4/CQ8 -> 0 | CV8: =CK8/CU8 -> #DIV/0! | CW8: =Table1[[#This Row],[N(maxT)]]/Table1[[#This Row],[e2e sat]] -> 0 | CX8: =Table1[[#This Row],[RPS]]/CW8 -> #DIV/0! | CY8: =Table1[[#This Row],[Kvcache]]/$T$4 -> #DIV/0!
A9: 4000 | B9: 300 | C9: 2 | D9: =Table1[[#This Row],[Kvcache]] -> 0.055108174 | E9: 1-15K,300 | F9: 46092 | H9: 0.12017995 | I9: 0.10961615 | J9: 0.74510267 | K9: 1.0198986 | L9: 1.2181448 | M9: 0.0090297684 | N9: 2.8195525 | O9: 9242.0789 | P9: 646.99833 | Q9: 5.1323529 | R9: 10.666667 | S9: 0.055108174 | T9: 0.11567106 | U9: =(Table1[[#This Row],[In-Tok]]+Table1[[#This Row],[Out-Tok]])*Table1[[#This Row],[RPS]] -> 8600 | V9: =Table1[[#This Row],[In-Tok]]+AvgOutLoad*Table1[[#This Row],[Out-Tok]] -> 4150 | W9: =Table1[[#This Row],[In-Tok]]*Table1[[#This Row],[RPS]] -> 8000 | X9: =Table1[[#This Row],[Out-Tok]]*Table1[[#This Row],[RPS]] -> 600 | Y9: =Table1[[#This Row],[In-Tok]]/Table1[[#This Row],[Out-Tok]] -> 13.333333 | Z9: =Table1[[#This Row],[In-Tok]]*Table1[[#This Row],[N]]+AvgOutLoad*Table1[[#This Row],[Out-Tok]]*Table1[[#This Row],[Ndecode]] -> 25258.398 | AA9: =Table1[[#This Row],[tok(N)]]/Table1[[#This Row],[Kvcache]] -> 458342.14 | AB9: =Table1[[#This Row],[tok/req]]*Table1[[#This Row],[Run]] -> 21299.265 | AC9: =Table1[[#This Row],[tok(Run)]]/Table1[[#This Row],[Kvcache]] -> 386499.19 | AD9: =Table1[[#This Row],[tok/req]]*Table1[[#This Row],[MaxRun]] -> 44266.667 | AE9: =Table1[[#This Row],[tok(MaxRun)]]/Table1[[#This Row],[MaxKvcache]] -> 382694.39 | AF9: =Table1[[#This Row],[PPS]]*Table1[[#This Row],[Prefill]]/Table1[[#This Row],[In-Tok]] -> 0.25327028 | AG9: =Table1[[#This Row],[GPS]]*Table1[[#This Row],[ITL]] -> 5.8422451 | AH9: =Table1[[#This Row],[Nprefill]]+Table1[[#This Row],[Ndecode]] -> 6.0955154 | AI9: =Table1[[#This Row],[Run]]/Table1[[#This Row],[ITL]]/Table1[[#This Row],[GPS]] -> 0.87848983 | AJ9: =Table1[[#This Row],[Prefill]]+Table1[[#This Row],[ITL]] -> 0.11864592 | AK9: =Table1[[#This Row],[TTFT]]/Table1[[#This Row],[estTTFT]] -> 1.0129295 | AL9: =Table1[[#This Row],[In-Tok]]*Table1[[#This Row],[RPS]]/Table1[[#This Row],[PPS]] -> 0.86560611 | AM9: =Table1[[#This Row],[Prefill]]/Table1[[#This Row],[estPrefill]] -> 0.12663514 | AN9: =Table1[[#This Row],[Prefill]]/Table1[[#This Row],[TTFT]] -> 0.91210017 | AO9: =Table1[[#This Row],[Run]]/(Table1[[#This Row],[Out-Tok]]*Table1[[#This Row],[RPS]]) -> 0.0085539216 | AP9: =Table1[[#This Row],[ITL]]/Table1[[#This Row],[estITL]] -> 1.0556291 | AQ9: =Table1[[#This Row],[E2E]]-Table1[[#This Row],[TTFT]]+Table1[[#This Row],[ITL]] -> 2.7084023 | AR9: =Table1[[#This Row],[estDecode]]/Table1[[#This Row],[Run]] -> 0.52771162 | AS9: =Table1[[#This Row],[Prefill]]+Table1[[#This Row],[Out-Tok]]*Table1[[#This Row],[ITL]] -> 2.8185467 | AT9: =Table1[[#This Row],[estPrefill]]+Table1[[#This Row],[Out-Tok]]*Table1[[#This Row],[ITL]] -> 3.5745366 | AU9: =Table1[[#This Row],[E2E]]/Table1[[#This Row],[estE2E]] -> 0.78878824 | AV9: =Table1[[#This Row],[N]]/Table1[[#This Row],[estE2E]] -> 1.7052603 | AW9: =Table1[[#This Row],[PPS]]/Table1[[#This Row],[In-Tok]] -> 2.3105197 | AX9: =Table1[[#This Row],[RPS]]/Table1[[#This Row],[RPS(IL)]] -> 0.86560611 | AY9: =Table1[[#This Row],[GPS]]/Table1[[#This Row],[Out-Tok]] -> 2.1566611 | AZ9: =Table1[[#This Row],[RPS]]/Table1[[#This Row],[RPS(OL)]] -> 0.92735942 | BA9: =MaxTok/Table1[[#This Row],[tok/req]] -> 93.472834 | BB9: =Table1[[#This Row],[N]]/Table1[[#This Row],[N-max]] -> 0.065211625 | BC9: =Table1[[#This Row],[RPS]] -> 2 | BD9: =Table1[[#This Row],[PPS]]/Table1[[#This Row],[RPS success]] -> 4621.0394 | BE9: =ABS(Table1[[#This Row],[est-In-Tok3]]-Table1[[#This Row],[In-Tok]])/Table1[[#This Row],[In-Tok]] -> 0.15525986 | BF9: =Table1[[#This Row],[GPS]]/Table1[[#This Row],[RPS success]] -> 323.49917 | BG9: =ABS(Table1[[#This Row],[est-Out-Tok3]]-Table1[[#This Row],[Out-Tok]])/Table1[[#This Row],[Out-Tok]] -> 0.078330556 | BH9: =Table1[[#This Row],[est-In-Tok3]]+AvgOutLoad*Table1[[#This Row],[est-Out-Tok3]] -> 4782.789 | BI9: =ABS(Table1[[#This Row],[est-Tok/Req3]]-Table1[[#This Row],[tok/req]])/Table1[[#This Row],[tok/req]] -> 0.15247928 | BJ9: =MaxTok/Table1[[#This Row],[est-Tok/Req3]] -> 81.105869 | BK9: =ABS(Table1[[#This Row],[est-N-max3]]-Table1[[#This Row],[N-max]])/Table1[[#This Row],[N-max]] -> 0.13230544 | BL9: =MaxTok*Table1[[#This Row],[Kvcache]]/Table1[[#This Row],[Run]] -> 4165.1727 | BM9: =ABS(Table1[[#This Row],[est-Tok/Req]]-Table1[[#This Row],[tok/req]])/Table1[[#This Row],[tok/req]] -> 0.0036560756 | BN9: =MaxTok/Table1[[#This Row],[est-Tok/Req]] -> 93.132335 | BO9: =Table1[[#This Row],[Run]]/Table1[[#This Row],[Kvcache]] -> 93.132335 | BP9: {=_xlfn.CEILING.MATH(INDIRECT("Table1"&BP$3)/BP$2)*BP$2} -> 5000 | BQ9: {=_xlfn.CEILING.MATH(INDIRECT("Table1"&BQ$3)/BQ$2)*BQ$2} -> 0.01 | BR9: {=_xlfn.CEILING.MATH(INDIRECT("Table1"&BR$3)/BR$2)*BR$2} -> 0.1 | BS9: {=_xlfn.CEILING.MATH(INDIRECT("Table1"&BS$3)/BS$2)*BS$2} -> 0.06 | BT9: {=_xlfn.CEILING.MATH(INDIRECT("Table1"&BT$3)/BT$2)*BT$2} -> 6 | BU9: {=_xlfn.CEILING.MATH(INDIRECT("Table1"&BU$3)/BU$2)*BU$2} -> 15 | BV9: {=_xlfn.CEILING.MATH(INDIRECT("Table1"&BV$3)/BV$2)*BV$2} -> 4000 | BY9: 0.11567106 | CA9: =(Table1[[#This Row],[In-Tok]]+Table1[[#This Row],[Out-Tok]])*Table1[[#This Row],[RPS]] -> 8600 | CB9: =R9*(A9+B9/2)/T9 -> 382694.39 | CC9: =Table1[[#This Row],[Supply]]/(Table1[[#This Row],[Prefill]]+Table1[[#This Row],[Out-Tok]]*Table1[[#This Row],[ITL]]) -> 135777.2 | CD9: =Table1[[#This Row],[MaxRun]]/Table1[[#This Row],[ITL]] -> 1181.278 | CE9: =Table1[[#This Row],[Out-Tok]]*Table1[[#This Row],[RPS]] -> 600 | CF9: =Table1[[#This Row],[Supply]]/Table1[[#This Row],[Demand-T]] -> 44.499348 | CH9: =Table1[[#This Row],[Prefill]]+Table1[[#This Row],[Out-Tok]]*Table1[[#This Row],[ITL]] -> 2.8185467 | CI9: =Table1[[#This Row],[GPS]]*Table1[[#This Row],[ITL]] -> 5.8422451 | CJ9: =Table1[[#This Row],[PPS]]*Table1[[#This Row],[Prefill]]/Table1[[#This Row],[In-Tok]] -> 0.25327028 | CK9: =CI9+CJ9 -> 6.0955154 | CL9: =Table1[[#This Row],[PPS]]/Table1[[#This Row],[In-Tok]] -> 2.3105197 | CM9: =Table1[[#This Row],[GPS]]/Table1[[#This Row],[Out-Tok]] -> 2.1566611 | CN9: =Table1[[#This Row],[Run]]/Table1[[#This Row],[E2E]] -> 1.8202722 | CO9: =Table1[[#This Row],[N2]]/Table1[[#This Row],[E2E]] -> 2.1618734 | CQ9: =Table1[[#This Row],[In-Tok]]+AvgOutLoad*Table1[[#This Row],[Out-Tok]] -> 4150 | CR9: =CD9*CQ9/CF9 -> 110165.74 | CS9: =CE9*CQ9/CG9 -> #DIV/0! | CT9: =(CJ9*M9+CI9*CQ9)/CG9 -> #DIV/0! | CU9: =$CL$4/CQ9 -> 0 | CV9: =CK9/CU9 -> #DIV/0! | CW9: =Table1[[#This Row],[N(maxT)]]/Table1[[#This Row],[e2e sat]] -> 0 | CX9: =Table1[[#This Row],[RPS]]/CW9 -> #DIV/0! | CY9: =Table1[[#This Row],[Kvcache]]/$T$4 -> #DIV/0!
A10: 5000 | B10: 300 | C10: 2 | D10: =Table1[[#This Row],[Kvcache]] -> 0.078173154 | E10: 1-15K,300 | F10: 46092 | H10: 0.15427486 | I10: 0.1418856 | J10: 0.84892997 | K10: 1.3430427 | L10: 1.5120748 | M10: 0.010746412 | N10: 3.3648584 | O10: 12072.109 | P10: 673.46 | Q10: 5.875 | R10: 12.666667 | S10: 0.078173154 | T10: 0.16894233 | U10: =(Table1[[#This Row],[In-Tok]]+Table1[[#This Row],[Out-Tok]])*Table1[[#This Row],[RPS]] -> 10600 | V10: =Table1[[#This Row],[In-Tok]]+AvgOutLoad*Table1[[#This Row],[Out-Tok]] -> 5150 | W10: =Table1[[#This Row],[In-Tok]]*Table1[[#This Row],[RPS]] -> 10000 | X10: =Table1[[#This Row],[Out-Tok]]*Table1[[#This Row],[RPS]] -> 600 | Y10: =Table1[[#This Row],[In-Tok]]/Table1[[#This Row],[Out-Tok]] -> 16.666667 | Z10: =Table1[[#This Row],[In-Tok]]*Table1[[#This Row],[N]]+AvgOutLoad*Table1[[#This Row],[Out-Tok]]*Table1[[#This Row],[Ndecode]] -> 38984.843 | AA10: =Table1[[#This Row],[tok(N)]]/Table1[[#This Row],[Kvcache]] -> 498698.61 | AB10: =Table1[[#This Row],[tok/req]]*Table1[[#This Row],[Run]] -> 30256.25 | AC10: =Table1[[#This Row],[tok(Run)]]/Table1[[#This Row],[Kvcache]] -> 387041.44 | AD10: =Table1[[#This Row],[tok/req]]*Table1[[#This Row],[MaxRun]] -> 65233.333 | AE10: =Table1[[#This Row],[tok(MaxRun)]]/Table1[[#This Row],[MaxKvcache]] -> 386127.81 | AF10: =Table1[[#This Row],[PPS]]*Table1[[#This Row],[Prefill]]/Table1[[#This Row],[In-Tok]] -> 0.34257168 | AG10: =Table1[[#This Row],[GPS]]*Table1[[#This Row],[ITL]] -> 7.2372786 | AH10: =Table1[[#This Row],[Nprefill]]+Table1[[#This Row],[Ndecode]] -> 7.5798503 | AI10: =Table1[[#This Row],[Run]]/Table1[[#This Row],[ITL]]/Table1[[#This Row],[GPS]] -> 0.81176922 | AJ10: =Table1[[#This Row],[Prefill]]+Table1[[#This Row],[ITL]] -> 0.15263202 | AK10: =Table1[[#This Row],[TTFT]]/Table1[[#This Row],[estTTFT]] -> 1.0107634 | AL10: =Table1[[#This Row],[In-Tok]]*Table1[[#This Row],[RPS]]/Table1[[#This Row],[PPS]] -> 0.8283557 | AM10: =Table1[[#This Row],[Prefill]]/Table1[[#This Row],[estPrefill]] -> 0.17128584 | AN10: =Table1[[#This Row],[Prefill]]/Table1[[#This Row],[TTFT]] -> 0.9196936 | AO10: =Table1[[#This Row],[Run]]/(Table1[[#This Row],[Out-Tok]]*Table1[[#This Row],[RPS]]) -> 0.0097916667 | AP10: =Table1[[#This Row],[ITL]]/Table1[[#This Row],[estITL]] -> 1.0975059 | AQ10: =Table1[[#This Row],[E2E]]-Table1[[#This Row],[TTFT]]+Table1[[#This Row],[ITL]] -> 3.22133 | AR10: =Table1[[#This Row],[estDecode]]/Table1[[#This Row],[Run]] -> 0.54831148 | AS10: =Table1[[#This Row],[Prefill]]+Table1[[#This Row],[Out-Tok]]*Table1[[#This Row],[ITL]] -> 3.3658092 | AT10: =Table1[[#This Row],[estPrefill]]+Table1[[#This Row],[Out-Tok]]*Table1[[#This Row],[ITL]] -> 4.0522793 | AU10: =Table1[[#This Row],[E2E]]/Table1[[#This Row],[estE2E]] -> 0.83036192 | AV10: =Table1[[#This Row],[N]]/Table1[[#This Row],[estE2E]] -> 1.8705153 | AW10: =Table1[[#This Row],[PPS]]/Table1[[#This Row],[In-Tok]] -> 2.4144217 | AX10: =Table1[[#This Row],[RPS]]/Table1[[#This Row],[RPS(IL)]] -> 0.8283557 | AY10: =Table1[[#This Row],[GPS]]/Table1[[#This Row],[Out-Tok]] -> 2.2448667 | AZ10: =Table1[[#This Row],[RPS]]/Table1[[#This Row],[RPS(OL)]] -> 0.89092151 | BA10: =MaxTok/Table1[[#This Row],[tok/req]] -> 75.322769 | BB10: =Table1[[#This Row],[N]]/Table1[[#This Row],[N-max]] -> 0.10063159 | BC10: =Table1[[#This Row],[RPS]] -> 2 | BD10: =Table1[[#This Row],[PPS]]/Table1[[#This Row],[RPS success]] -> 6036.0543 | BE10: =ABS(Table1[[#This Row],[est-In-Tok3]]-Table1[[#This Row],[In-Tok]])/Table1[[#This Row],[In-Tok]] -> 0.20721086 | BF10: =Table1[[#This Row],[GPS]]/Table1[[#This Row],[RPS success]] -> 336.73 | BG10: =ABS(Table1[[#This Row],[est-Out-Tok3]]-Table1[[#This Row],[Out-Tok]])/Table1[[#This Row],[Out-Tok]] -> 0.12243333 | BH10: =Table1[[#This Row],[est-In-Tok3]]+AvgOutLoad*Table1[[#This Row],[est-Out-Tok3]] -> 6204.4193 | BI10: =ABS(Table1[[#This Row],[est-Tok/Req3]]-Table1[[#This Row],[tok/req]])/Table1[[#This Row],[tok/req]] -> 0.20474161 | BJ10: =MaxTok/Table1[[#This Row],[est-Tok/Req3]] -> 62.521929 | BK10: =ABS(Table1[[#This Row],[est-N-max3]]-Table1[[#This Row],[N-max]])/Table1[[#This Row],[N-max]] -> 0.16994649 | BL10: =MaxTok*Table1[[#This Row],[Kvcache]]/Table1[[#This Row],[Run]] -> 5161.5873 | BM10: =ABS(Table1[[#This Row],[est-Tok/Req]]-Table1[[#This Row],[tok/req]])/Table1[[#This Row],[tok/req]] -> 0.0022499539 | BN10: =MaxTok/Table1[[#This Row],[est-Tok/Req]] -> 75.153677 | BO10: =Table1[[#This Row],[Run]]/Table1[[#This Row],[Kvcache]] -> 75.153677 | BP10: {=_xlfn.CEILING.MATH(INDIRECT("Table1"&BP$3)/BP$2)*BP$2} -> 6000 | BQ10: {=_xlfn.CEILING.MATH(INDIRECT("Table1"&BQ$3)/BQ$2)*BQ$2} -> 0.015 | BR10: {=_xlfn.CEILING.MATH(INDIRECT("Table1"&BR$3)/BR$2)*BR$2} -> 0.1 | BS10: {=_xlfn.CEILING.MATH(INDIRECT("Table1"&BS$3)/BS$2)*BS$2} -> 0.08 | BT10: {=_xlfn.CEILING.MATH(INDIRECT("Table1"&BT$3)/BT$2)*BT$2} -> 6 | BU10: {=_xlfn.CEILING.MATH(INDIRECT("Table1"&BU$3)/BU$2)*BU$2} -> 20 | BV10: {=_xlfn.CEILING.MATH(INDIRECT("Table1"&BV$3)/BV$2)*BV$2} -> 5000 | BY10: 0.16894233 | CA10: =(Table1[[#This Row],[In-Tok]]+Table1[[#This Row],[Out-Tok]])*Table1[[#This Row],[RPS]] -> 10600 | CB10: =R10*(A10+B10/2)/T10 -> 386127.81 | CC10: =Table1[[#This Row],[Supply]]/(Table1[[#This Row],[Prefill]]+Table1[[#This Row],[Out-Tok]]*Table1[[#This Row],[ITL]]) -> 114720.65 | CD10: =Table1[[#This Row],[MaxRun]]/Table1[[#This Row],[ITL]] -> 1178.688 | CE10: =Table1[[#This Row],[Out-Tok]]*Table1[[#This Row],[RPS]] -> 600 | CF10: =Table1[[#This Row],[Supply]]/Table1[[#This Row],[Demand-T]] -> 36.427152 | CH10: =Table1[[#This Row],[Prefill]]+Table1[[#This Row],[Out-Tok]]*Table1[[#This Row],[ITL]] -> 3.3658092 | CI10: =Table1[[#This Row],[GPS]]*Table1[[#This Row],[ITL]] -> 7.2372786 | CJ10: =Table1[[#This Row],[PPS]]*Table1[[#This Row],[Prefill]]/Table1[[#This Row],[In-Tok]] -> 0.34257168 | CK10: =CI10+CJ10 -> 7.5798503 | CL10: =Table1[[#This Row],[PPS]]/Table1[[#This Row],[In-Tok]] -> 2.4144217 | CM10: =Table1[[#This Row],[GPS]]/Table1[[#This Row],[Out-Tok]] -> 2.2448667 | CN10: =Table1[[#This Row],[Run]]/Table1[[#This Row],[E2E]] -> 1.7459873 | CO10: =Table1[[#This Row],[N2]]/Table1[[#This Row],[E2E]] -> 2.2526506 | CQ10: =Table1[[#This Row],[In-Tok]]+AvgOutLoad*Table1[[#This Row],[Out-Tok]] -> 5150 | CR10: =CD10*CQ10/CF10 -> 166640.62 | CS10: =CE10*CQ10/CG10 -> #DIV/0! | CT10: =(CJ10*M10+CI10*CQ10)/CG10 -> #DIV/0! | CU10: =$CL$4/CQ10 -> 0 | CV10: =CK10/CU10 -> #DIV/0! | CW10: =Table1[[#This Row],[N(maxT)]]/Table1[[#This Row],[e2e sat]] -> 0 | CX10: =Table1[[#This Row],[RPS]]/CW10 -> #DIV/0! | CY10: =Table1[[#This Row],[Kvcache]]/$T$4 -> #DIV/0!
A11: 6000 | B11: 300 | C11: 2 | D11: =Table1[[#This Row],[Kvcache]] -> 0.1356726 | E11: 1-15K,300 | F11: 46092 | H11: 0.18643617 | I11: 0.17264718 | J11: 1.2661954 | K11: 2.3803513 | L11: 2.7856696 | M11: 0.013768167 | N11: 4.2964527 | O11: 16270.848 | P11: 751.35365 | Q11: 8.5368464 | R11: 18 | S11: 0.1356726 | T11: 0.28603569 | U11: =(Table1[[#This Row],[In-Tok]]+Table1[[#This Row],[Out-Tok]])*Table1[[#This Row],[RPS]] -> 12600 | V11: =Table1[[#This Row],[In-Tok]]+AvgOutLoad*Table1[[#This Row],[Out-Tok]] -> 6150 | W11: =Table1[[#This Row],[In-Tok]]*Table1[[#This Row],[RPS]] -> 12000 | X11: =Table1[[#This Row],[Out-Tok]]*Table1[[#This Row],[RPS]] -> 600 | Y11: =Table1[[#This Row],[In-Tok]]/Table1[[#This Row],[Out-Tok]] -> 20 | Z11: =Table1[[#This Row],[In-Tok]]*Table1[[#This Row],[N]]+AvgOutLoad*Table1[[#This Row],[Out-Tok]]*Table1[[#This Row],[Ndecode]] -> 66429.406 | AA11: =Table1[[#This Row],[tok(N)]]/Table1[[#This Row],[Kvcache]] -> 489630.24 | AB11: =Table1[[#This Row],[tok/req]]*Table1[[#This Row],[Run]] -> 52501.605 | AC11: =Table1[[#This Row],[tok(Run)]]/Table1[[#This Row],[Kvcache]] -> 386972.81 | AD11: =Table1[[#This Row],[tok/req]]*Table1[[#This Row],[MaxRun]] -> 110700 | AE11: =Table1[[#This Row],[tok(MaxRun)]]/Table1[[#This Row],[MaxKvcache]] -> 387014.65 | AF11: =Table1[[#This Row],[PPS]]*Table1[[#This Row],[Prefill]]/Table1[[#This Row],[In-Tok]] -> 0.46818601 | AG11: =Table1[[#This Row],[GPS]]*Table1[[#This Row],[ITL]] -> 10.344763 | AH11: =Table1[[#This Row],[Nprefill]]+Table1[[#This Row],[Ndecode]] -> 10.812949 | AI11: =Table1[[#This Row],[Run]]/Table1[[#This Row],[ITL]]/Table1[[#This Row],[GPS]] -> 0.82523367 | AJ11: =Table1[[#This Row],[Prefill]]+Table1[[#This Row],[ITL]] -> 0.18641535 | AK11: =Table1[[#This Row],[TTFT]]/Table1[[#This Row],[estTTFT]] -> 1.0001117 | AL11: =Table1[[#This Row],[In-Tok]]*Table1[[#This Row],[RPS]]/Table1[[#This Row],[PPS]] -> 0.73751533 | AM11: =Table1[[#This Row],[Prefill]]/Table1[[#This Row],[estPrefill]] -> 0.23409301 | AN11: =Table1[[#This Row],[Prefill]]/Table1[[#This Row],[TTFT]] -> 0.92603907 | AO11: =Table1[[#This Row],[Run]]/(Table1[[#This Row],[Out-Tok]]*Table1[[#This Row],[RPS]]) -> 0.014228077 | AP11: =Table1[[#This Row],[ITL]]/Table1[[#This Row],[estITL]] -> 0.96767587 | AQ11: =Table1[[#This Row],[E2E]]-Table1[[#This Row],[TTFT]]+Table1[[#This Row],[ITL]] -> 4.1237847 | AR11: =Table1[[#This Row],[estDecode]]/Table1[[#This Row],[Run]] -> 0.48305715 | AS11: =Table1[[#This Row],[Prefill]]+Table1[[#This Row],[Out-Tok]]*Table1[[#This Row],[ITL]] -> 4.3030973 | AT11: =Table1[[#This Row],[estPrefill]]+Table1[[#This Row],[Out-Tok]]*Table1[[#This Row],[ITL]] -> 4.8679655 | AU11: =Table1[[#This Row],[E2E]]/Table1[[#This Row],[estE2E]] -> 0.8825972 | AV11: =Table1[[#This Row],[N]]/Table1[[#This Row],[estE2E]] -> 2.221246 | AW11: =Table1[[#This Row],[PPS]]/Table1[[#This Row],[In-Tok]] -> 2.711808 | AX11: =Table1[[#This Row],[RPS]]/Table1[[#This Row],[RPS(IL)]] -> 0.73751533 | AY11: =Table1[[#This Row],[GPS]]/Table1[[#This Row],[Out-Tok]] -> 2.5045122 | AZ11: =Table1[[#This Row],[RPS]]/Table1[[#This Row],[RPS(OL)]] -> 0.79855871 | BA11: =MaxTok/Table1[[#This Row],[tok/req]] -> 63.075165 | BB11: =Table1[[#This Row],[N]]/Table1[[#This Row],[N-max]] -> 0.17142958 | BC11: =Table1[[#This Row],[RPS]] -> 2 | BD11: =Table1[[#This Row],[PPS]]/Table1[[#This Row],[RPS success]] -> 8135.4241 | BE11: =ABS(Table1[[#This Row],[est-In-Tok3]]-Table1[[#This Row],[In-Tok]])/Table1[[#This Row],[In-Tok]] -> 0.35590401 | BF11: =Table1[[#This Row],[GPS]]/Table1[[#This Row],[RPS success]] -> 375.67683 | BG11: =ABS(Table1[[#This Row],[est-Out-Tok3]]-Table1[[#This Row],[Out-Tok]])/Table1[[#This Row],[Out-Tok]] -> 0.25225608 | BH11: =Table1[[#This Row],[est-In-Tok3]]+AvgOutLoad*Table1[[#This Row],[est-Out-Tok3]] -> 8323.2625 | BI11: =ABS(Table1[[#This Row],[est-Tok/Req3]]-Table1[[#This Row],[tok/req]])/Table1[[#This Row],[tok/req]] -> 0.35337602 | BJ11: =MaxTok/Table1[[#This Row],[est-Tok/Req3]] -> 46.605795 | BK11: =ABS(Table1[[#This Row],[est-N-max3]]-Table1[[#This Row],[N-max]])/Table1[[#This Row],[N-max]] -> 0.26110705 | BL11: =MaxTok*Table1[[#This Row],[Kvcache]]/Table1[[#This Row],[Run]] -> 6164.9304 | BM11: =ABS(Table1[[#This Row],[est-Tok/Req]]-Table1[[#This Row],[tok/req]])/Table1[[#This Row],[tok/req]] -> 0.0024277063 | BN11: =MaxTok/Table1[[#This Row],[est-Tok/Req]] -> 62.922407 | BO11: =Table1[[#This Row],[Run]]/Table1[[#This Row],[Kvcache]] -> 62.922407 | BP11: {=_xlfn.CEILING.MATH(INDIRECT("Table1"&BP$3)/BP$2)*BP$2} -> 7000 | BQ11: {=_xlfn.CEILING.MATH(INDIRECT("Table1"&BQ$3)/BQ$2)*BQ$2} -> 0.015 | BR11: {=_xlfn.CEILING.MATH(INDIRECT("Table1"&BR$3)/BR$2)*BR$2} -> 0.2 | BS11: {=_xlfn.CEILING.MATH(INDIRECT("Table1"&BS$3)/BS$2)*BS$2} -> 0.14 | BT11: {=_xlfn.CEILING.MATH(INDIRECT("Table1"&BT$3)/BT$2)*BT$2} -> 9 | BU11: {=_xlfn.CEILING.MATH(INDIRECT("Table1"&BU$3)/BU$2)*BU$2} -> 20 | BV11: {=_xlfn.CEILING.MATH(INDIRECT("Table1"&BV$3)/BV$2)*BV$2} -> 6000 | BY11: 0.28603569 | CA11: =(Table1[[#This Row],[In-Tok]]+Table1[[#This Row],[Out-Tok]])*Table1[[#This Row],[RPS]] -> 12600 | CB11: =R11*(A11+B11/2)/T11 -> 387014.65 | CC11: =Table1[[#This Row],[Supply]]/(Table1[[#This Row],[Prefill]]+Table1[[#This Row],[Out-Tok]]*Table1[[#This Row],[ITL]]) -> 89938.623 | CD11: =Table1[[#This Row],[MaxRun]]/Table1[[#This Row],[ITL]] -> 1307.3636 | CE11: =Table1[[#This Row],[Out-Tok]]*Table1[[#This Row],[RPS]] -> 600 | CF11: =Table1[[#This Row],[Supply]]/Table1[[#This Row],[Demand-T]] -> 30.715448 | CH11: =Table1[[#This Row],[Prefill]]+Table1[[#This Row],[Out-Tok]]*Table1[[#This Row],[ITL]] -> 4.3030973 | CI11: =Table1[[#This Row],[GPS]]*Table1[[#This Row],[ITL]] -> 10.344763 | CJ11: =Table1[[#This Row],[PPS]]*Table1[[#This Row],[Prefill]]/Table1[[#This Row],[In-Tok]] -> 0.46818601 | CK11: =CI11+CJ11 -> 10.812949 | CL11: =Table1[[#This Row],[PPS]]/Table1[[#This Row],[In-Tok]] -> 2.711808 | CM11: =Table1[[#This Row],[GPS]]/Table1[[#This Row],[Out-Tok]] -> 2.5045122 | CN11: =Table1[[#This Row],[Run]]/Table1[[#This Row],[E2E]] -> 1.9869523 | CO11: =Table1[[#This Row],[N2]]/Table1[[#This Row],[E2E]] -> 2.5167154 | CQ11: =Table1[[#This Row],[In-Tok]]+AvgOutLoad*Table1[[#This Row],[Out-Tok]] -> 6150 | CR11: =CD11*CQ11/CF11 -> 261766.84 | CS11: =CE11*CQ11/CG11 -> #DIV/0! | CT11: =(CJ11*M11+CI11*CQ11)/CG11 -> #DIV/0! | CU11: =$CL$4/CQ11 -> 0 | CV11: =CK11/CU11 -> #DIV/0! | CW11: =Table1[[#This Row],[N(maxT)]]/Table1[[#This Row],[e2e sat]] -> 0 | CX11: =Table1[[#This Row],[RPS]]/CW11 -> #DIV/0! | CY11: =Table1[[#This Row],[Kvcache]]/$T$4 -> #DIV/0!
A12: 7000 | B12: 300 | C12: 2 | D12: =Table1[[#This Row],[Kvcache]] -> 0.18465843 | E12: 1-15K,300 | F12: 46092 | H12: 0.23248837 | I12: 0.21039943 | J12: 1.397252 | K12: 3.0287375 | L12: 3.3220549 | M12: 0.016170002 | N12: 4.957954 | O12: 18386.626 | P12: 703.13619 | Q12: 9.9930556 | R12: 19 | S12: 0.18465843 | T12: 0.35277993 | U12: =(Table1[[#This Row],[In-Tok]]+Table1[[#This Row],[Out-Tok]])*Table1[[#This Row],[RPS]] -> 14600 | V12: =Table1[[#This Row],[In-Tok]]+AvgOutLoad*Table1[[#This Row],[Out-Tok]] -> 7150 | W12: =Table1[[#This Row],[In-Tok]]*Table1[[#This Row],[RPS]] -> 14000 | X12: =Table1[[#This Row],[Out-Tok]]*Table1[[#This Row],[RPS]] -> 600 | Y12: =Table1[[#This Row],[In-Tok]]/Table1[[#This Row],[Out-Tok]] -> 23.333333 | Z12: =Table1[[#This Row],[In-Tok]]*Table1[[#This Row],[N]]+AvgOutLoad*Table1[[#This Row],[Out-Tok]]*Table1[[#This Row],[Ndecode]] -> 85161.986 | AA12: =Table1[[#This Row],[tok(N)]]/Table1[[#This Row],[Kvcache]] -> 461186.55 | AB12: =Table1[[#This Row],[tok/req]]*Table1[[#This Row],[Run]] -> 71450.347 | AC12: =Table1[[#This Row],[tok(Run)]]/Table1[[#This Row],[Kvcache]] -> 386932.49 | AD12: =Table1[[#This Row],[tok/req]]*Table1[[#This Row],[MaxRun]] -> 135850 | AE12: =Table1[[#This Row],[tok(MaxRun)]]/Table1[[#This Row],[MaxKvcache]] -> 385084.26 | AF12: =Table1[[#This Row],[PPS]]*Table1[[#This Row],[Prefill]]/Table1[[#This Row],[In-Tok]] -> 0.55264794 | AG12: =Table1[[#This Row],[GPS]]*Table1[[#This Row],[ITL]] -> 11.369713 | AH12: =Table1[[#This Row],[Nprefill]]+Table1[[#This Row],[Ndecode]] -> 11.922361 | AI12: =Table1[[#This Row],[Run]]/Table1[[#This Row],[ITL]]/Table1[[#This Row],[GPS]] -> 0.87891886 | AJ12: =Table1[[#This Row],[Prefill]]+Table1[[#This Row],[ITL]] -> 0.22656943 | AK12: =Table1[[#This Row],[TTFT]]/Table1[[#This Row],[estTTFT]] -> 1.0261242 | AL12: =Table1[[#This Row],[In-Tok]]*Table1[[#This Row],[RPS]]/Table1[[#This Row],[PPS]] -> 0.761423 | AM12: =Table1[[#This Row],[Prefill]]/Table1[[#This Row],[estPrefill]] -> 0.27632397 | AN12: =Table1[[#This Row],[Prefill]]/Table1[[#This Row],[TTFT]] -> 0.90498904 | AO12: =Table1[[#This Row],[Run]]/(Table1[[#This Row],[Out-Tok]]*Table1[[#This Row],[RPS]]) -> 0.016655093 | AP12: =Table1[[#This Row],[ITL]]/Table1[[#This Row],[estITL]] -> 0.97087432 | AQ12: =Table1[[#This Row],[E2E]]-Table1[[#This Row],[TTFT]]+Table1[[#This Row],[ITL]] -> 4.7416356 | AR12: =Table1[[#This Row],[estDecode]]/Table1[[#This Row],[Run]] -> 0.47449307 | AS12: =Table1[[#This Row],[Prefill]]+Table1[[#This Row],[Out-Tok]]*Table1[[#This Row],[ITL]] -> 5.0613999 | AT12: =Table1[[#This Row],[estPrefill]]+Table1[[#This Row],[Out-Tok]]*Table1[[#This Row],[ITL]] -> 5.6124235 | AU12: =Table1[[#This Row],[E2E]]/Table1[[#This Row],[estE2E]] -> 0.88338915 | AV12: =Table1[[#This Row],[N]]/Table1[[#This Row],[estE2E]] -> 2.1242804 | AW12: =Table1[[#This Row],[PPS]]/Table1[[#This Row],[In-Tok]] -> 2.6266609 | AX12: =Table1[[#This Row],[RPS]]/Table1[[#This Row],[RPS(IL)]] -> 0.761423 | AY12: =Table1[[#This Row],[GPS]]/Table1[[#This Row],[Out-Tok]] -> 2.3437873 | AZ12: =Table1[[#This Row],[RPS]]/Table1[[#This Row],[RPS(OL)]] -> 0.85331975 | BA12: =MaxTok/Table1[[#This Row],[tok/req]] -> 54.253463 | BB12: =Table1[[#This Row],[N]]/Table1[[#This Row],[N-max]] -> 0.219753 | BC12: =Table1[[#This Row],[RPS]] -> 2 | BD12: =Table1[[#This Row],[PPS]]/Table1[[#This Row],[RPS success]] -> 9193.313 | BE12: =ABS(Table1[[#This Row],[est-In-Tok3]]-Table1[[#This Row],[In-Tok]])/Table1[[#This Row],[In-Tok]] -> 0.31333043 | BF12: =Table1[[#This Row],[GPS]]/Table1[[#This Row],[RPS success]] -> 351.5681 | BG12: =ABS(Table1[[#This Row],[est-Out-Tok3]]-Table1[[#This Row],[Out-Tok]])/Table1[[#This Row],[Out-Tok]] -> 0.17189365 | BH12: =Table1[[#This Row],[est-In-Tok3]]+AvgOutLoad*Table1[[#This Row],[est-Out-Tok3]] -> 9369.0971 | BI12: =ABS(Table1[[#This Row],[est-Tok/Req3]]-Table1[[#This Row],[tok/req]])/Table1[[#This Row],[tok/req]] -> 0.31036323 | BJ12: =MaxTok/Table1[[#This Row],[est-Tok/Req3]] -> 41.403377 | BK12: =ABS(Table1[[#This Row],[est-N-max3]]-Table1[[#This Row],[N-max]])/Table1[[#This Row],[N-max]] -> 0.23685282 | BL12: =MaxTok*Table1[[#This Row],[Kvcache]]/Table1[[#This Row],[Run]] -> 7168.105 | BM12: =ABS(Table1[[#This Row],[est-Tok/Req]]-Table1[[#This Row],[tok/req]])/Table1[[#This Row],[tok/req]] -> 0.0025321619 | BN12: =MaxTok/Table1[[#This Row],[est-Tok/Req]] -> 54.116432 | BO12: =Table1[[#This Row],[Run]]/Table1[[#This Row],[Kvcache]] -> 54.116432 | BP12: {=_xlfn.CEILING.MATH(INDIRECT("Table1"&BP$3)/BP$2)*BP$2} -> 8000 | BQ12: {=_xlfn.CEILING.MATH(INDIRECT("Table1"&BQ$3)/BQ$2)*BQ$2} -> 0.02 | BR12: {=_xlfn.CEILING.MATH(INDIRECT("Table1"&BR$3)/BR$2)*BR$2} -> 0.2 | BS12: {=_xlfn.CEILING.MATH(INDIRECT("Table1"&BS$3)/BS$2)*BS$2} -> 0.19 | BT12: {=_xlfn.CEILING.MATH(INDIRECT("Table1"&BT$3)/BT$2)*BT$2} -> 10 | BU12: {=_xlfn.CEILING.MATH(INDIRECT("Table1"&BU$3)/BU$2)*BU$2} -> 25 | BV12: {=_xlfn.CEILING.MATH(INDIRECT("Table1"&BV$3)/BV$2)*BV$2} -> 7000 | BY12: 0.35277993 | CA12: =(Table1[[#This Row],[In-Tok]]+Table1[[#This Row],[Out-Tok]])*Table1[[#This Row],[RPS]] -> 14600 | CB12: =R12*(A12+B12/2)/T12 -> 385084.26 | CC12: =Table1[[#This Row],[Supply]]/(Table1[[#This Row],[Prefill]]+Table1[[#This Row],[Out-Tok]]*Table1[[#This Row],[ITL]]) -> 76082.56 | CD12: =Table1[[#This Row],[MaxRun]]/Table1[[#This Row],[ITL]] -> 1175.0153 | CE12: =Table1[[#This Row],[Out-Tok]]*Table1[[#This Row],[RPS]] -> 600 | CF12: =Table1[[#This Row],[Supply]]/Table1[[#This Row],[Demand-T]] -> 26.375634 | CH12: =Table1[[#This Row],[Prefill]]+Table1[[#This Row],[Out-Tok]]*Table1[[#This Row],[ITL]] -> 5.0613999 | CI12: =Table1[[#This Row],[GPS]]*Table1[[#This Row],[ITL]] -> 11.369713 | CJ12: =Table1[[#This Row],[PPS]]*Table1[[#This Row],[Prefill]]/Table1[[#This Row],[In-Tok]] -> 0.55264794 | CK12: =CI12+CJ12 -> 11.922361 | CL12: =Table1[[#This Row],[PPS]]/Table1[[#This Row],[In-Tok]] -> 2.6266609 | CM12: =Table1[[#This Row],[GPS]]/Table1[[#This Row],[Out-Tok]] -> 2.3437873 | CN12: =Table1[[#This Row],[Run]]/Table1[[#This Row],[E2E]] -> 2.0155604 | CO12: =Table1[[#This Row],[N2]]/Table1[[#This Row],[E2E]] -> 2.4046938 | CQ12: =Table1[[#This Row],[In-Tok]]+AvgOutLoad*Table1[[#This Row],[Out-Tok]] -> 7150 | CR12: =CD12*CQ12/CF12 -> 318527.3 | CS12: =CE12*CQ12/CG12 -> #DIV/0! | CT12: =(CJ12*M12+CI12*CQ12)/CG12 -> #DIV/0! | CU12: =$CL$4/CQ12 -> 0 | CV12: =CK12/CU12 -> #DIV/0! | CW12: =Table1[[#This Row],[N(maxT)]]/Table1[[#This Row],[e2e sat]] -> 0 | CX12: =Table1[[#This Row],[RPS]]/CW12 -> #DIV/0! | CY12: =Table1[[#This Row],[Kvcache]]/$T$4 -> #DIV/0!
A13: 8000 | B13: 300 | C13: 2 | D13: =Table1[[#This Row],[Kvcache]] -> 0.27561762 | E13: 1-15K,300 | F13: 46092 | H13: 0.28995406 | I13: 0.24747104 | J13: 1.4878298 | K13: 2.3848672 | L13: 2.6166749 | M13: 0.020987859 | N13: 6.5415802 | O13: 21109.801 | P13: 715.05143 | Q13: 13.111111 | R13: 27.666667 | S13: 0.27561762 | T13: 0.58376002 | U13: =(Table1[[#This Row],[In-Tok]]+Table1[[#This Row],[Out-Tok]])*Table1[[#This Row],[RPS]] -> 16600 | V13: =Table1[[#This Row],[In-Tok]]+AvgOutLoad*Table1[[#This Row],[Out-Tok]] -> 8150 | W13: =Table1[[#This Row],[In-Tok]]*Table1[[#This Row],[RPS]] -> 16000 | X13: =Table1[[#This Row],[Out-Tok]]*Table1[[#This Row],[RPS]] -> 600 | Y13: =Table1[[#This Row],[In-Tok]]/Table1[[#This Row],[Out-Tok]] -> 26.666667 | Z13: =Table1[[#This Row],[In-Tok]]*Table1[[#This Row],[N]]+AvgOutLoad*Table1[[#This Row],[Out-Tok]]*Table1[[#This Row],[Ndecode]] -> 127534.36 | AA13: =Table1[[#This Row],[tok(N)]]/Table1[[#This Row],[Kvcache]] -> 462722.1 | AB13: =Table1[[#This Row],[tok/req]]*Table1[[#This Row],[Run]] -> 106855.56 | AC13: =Table1[[#This Row],[tok(Run)]]/Table1[[#This Row],[Kvcache]] -> 387694.94 | AD13: =Table1[[#This Row],[tok/req]]*Table1[[#This Row],[MaxRun]] -> 225483.33 | AE13: =Table1[[#This Row],[tok(MaxRun)]]/Table1[[#This Row],[MaxKvcache]] -> 386260.32 | AF13: =Table1[[#This Row],[PPS]]*Table1[[#This Row],[Prefill]]/Table1[[#This Row],[In-Tok]] -> 0.65300805 | AG13: =Table1[[#This Row],[GPS]]*Table1[[#This Row],[ITL]] -> 15.007399 | AH13: =Table1[[#This Row],[Nprefill]]+Table1[[#This Row],[Ndecode]] -> 15.660407 | AI13: =Table1[[#This Row],[Run]]/Table1[[#This Row],[ITL]]/Table1[[#This Row],[GPS]] -> 0.87364316 | AJ13: =Table1[[#This Row],[Prefill]]+Table1[[#This Row],[ITL]] -> 0.2684589 | AK13: =Table1[[#This Row],[TTFT]]/Table1[[#This Row],[estTTFT]] -> 1.0800687 | AL13: =Table1[[#This Row],[In-Tok]]*Table1[[#This Row],[RPS]]/Table1[[#This Row],[PPS]] -> 0.75794177 | AM13: =Table1[[#This Row],[Prefill]]/Table1[[#This Row],[estPrefill]] -> 0.32650403 | AN13: =Table1[[#This Row],[Prefill]]/Table1[[#This Row],[TTFT]] -> 0.85348361 | AO13: =Table1[[#This Row],[Run]]/(Table1[[#This Row],[Out-Tok]]*Table1[[#This Row],[RPS]]) -> 0.021851852 | AP13: =Table1[[#This Row],[ITL]]/Table1[[#This Row],[estITL]] -> 0.96046135 | AQ13: =Table1[[#This Row],[E2E]]-Table1[[#This Row],[TTFT]]+Table1[[#This Row],[ITL]] -> 6.272614 | AR13: =Table1[[#This Row],[estDecode]]/Table1[[#This Row],[Run]] -> 0.47841971 | AS13: =Table1[[#This Row],[Prefill]]+Table1[[#This Row],[Out-Tok]]*Table1[[#This Row],[ITL]] -> 6.5438288 | AT13: =Table1[[#This Row],[estPrefill]]+Table1[[#This Row],[Out-Tok]]*Table1[[#This Row],[ITL]] -> 7.0542995 | AU13: =Table1[[#This Row],[E2E]]/Table1[[#This Row],[estE2E]] -> 0.92731818 | AV13: =Table1[[#This Row],[N]]/Table1[[#This Row],[estE2E]] -> 2.2199804 | AW13: =Table1[[#This Row],[PPS]]/Table1[[#This Row],[In-Tok]] -> 2.6387251 | AX13: =Table1[[#This Row],[RPS]]/Table1[[#This Row],[RPS(IL)]] -> 0.75794177 | AY13: =Table1[[#This Row],[GPS]]/Table1[[#This Row],[Out-Tok]] -> 2.3835048 | AZ13: =Table1[[#This Row],[RPS]]/Table1[[#This Row],[RPS(OL)]] -> 0.83910048 | BA13: =MaxTok/Table1[[#This Row],[tok/req]] -> 47.596597 | BB13: =Table1[[#This Row],[N]]/Table1[[#This Row],[N-max]] -> 0.32902367 | BC13: =Table1[[#This Row],[RPS]] -> 2 | BD13: =Table1[[#This Row],[PPS]]/Table1[[#This Row],[RPS success]] -> 10554.9 | BE13: =ABS(Table1[[#This Row],[est-In-Tok3]]-Table1[[#This Row],[In-Tok]])/Table1[[#This Row],[In-Tok]] -> 0.31936256 | BF13: =Table1[[#This Row],[GPS]]/Table1[[#This Row],[RPS success]] -> 357.52571 | BG13: =ABS(Table1[[#This Row],[est-Out-Tok3]]-Table1[[#This Row],[Out-Tok]])/Table1[[#This Row],[Out-Tok]] -> 0.19175238 | BH13: =Table1[[#This Row],[est-In-Tok3]]+AvgOutLoad*Table1[[#This Row],[est-Out-Tok3]] -> 10733.663 | BI13: =ABS(Table1[[#This Row],[est-Tok/Req3]]-Table1[[#This Row],[tok/req]])/Table1[[#This Row],[tok/req]] -> 0.31701391 | BJ13: =MaxTok/Table1[[#This Row],[est-Tok/Req3]] -> 36.139783 | BK13: =ABS(Table1[[#This Row],[est-N-max3]]-Table1[[#This Row],[N-max]])/Table1[[#This Row],[N-max]] -> 0.24070657 | BL13: =MaxTok*Table1[[#This Row],[Kvcache]]/Table1[[#This Row],[Run]] -> 8154.5685 | BM13: =ABS(Table1[[#This Row],[est-Tok/Req]]-Table1[[#This Row],[tok/req]])/Table1[[#This Row],[tok/req]] -> 0.00056055618 | BN13: =MaxTok/Table1[[#This Row],[est-Tok/Req]] -> 47.569931 | BO13: =Table1[[#This Row],[Run]]/Table1[[#This Row],[Kvcache]] -> 47.569931 | BP13: {=_xlfn.CEILING.MATH(INDIRECT("Table1"&BP$3)/BP$2)*BP$2} -> 9000 | BQ13: {=_xlfn.CEILING.MATH(INDIRECT("Table1"&BQ$3)/BQ$2)*BQ$2} -> 0.025 | BR13: {=_xlfn.CEILING.MATH(INDIRECT("Table1"&BR$3)/BR$2)*BR$2} -> 0.3 | BS13: {=_xlfn.CEILING.MATH(INDIRECT("Table1"&BS$3)/BS$2)*BS$2} -> 0.28 | BT13: {=_xlfn.CEILING.MATH(INDIRECT("Table1"&BT$3)/BT$2)*BT$2} -> 14 | BU13: {=_xlfn.CEILING.MATH(INDIRECT("Table1"&BU$3)/BU$2)*BU$2} -> 30 | BV13: {=_xlfn.CEILING.MATH(INDIRECT("Table1"&BV$3)/BV$2)*BV$2} -> 8000 | BY13: 0.58376002 | CA13: =(Table1[[#This Row],[In-Tok]]+Table1[[#This Row],[Out-Tok]])*Table1[[#This Row],[RPS]] -> 16600 | CB13: =R13*(A13+B13/2)/T13 -> 386260.32 | CC13: =Table1[[#This Row],[Supply]]/(Table1[[#This Row],[Prefill]]+Table1[[#This Row],[Out-Tok]]*Table1[[#This Row],[ITL]]) -> 59026.655 | CD13: =Table1[[#This Row],[MaxRun]]/Table1[[#This Row],[ITL]] -> 1318.2224 | CE13: =Table1[[#This Row],[Out-Tok]]*Table1[[#This Row],[RPS]] -> 600 | CF13: =Table1[[#This Row],[Supply]]/Table1[[#This Row],[Demand-T]] -> 23.268694 | CH13: =Table1[[#This Row],[Prefill]]+Table1[[#This Row],[Out-Tok]]*Table1[[#This Row],[ITL]] -> 6.5438288 | CI13: =Table1[[#This Row],[GPS]]*Table1[[#This Row],[ITL]] -> 15.007399 | CJ13: =Table1[[#This Row],[PPS]]*Table1[[#This Row],[Prefill]]/Table1[[#This Row],[In-Tok]] -> 0.65300805 | CK13: =CI13+CJ13 -> 15.660407 | CL13: =Table1[[#This Row],[PPS]]/Table1[[#This Row],[In-Tok]] -> 2.6387251 | CM13: =Table1[[#This Row],[GPS]]/Table1[[#This Row],[Out-Tok]] -> 2.3835048 | CN13: =Table1[[#This Row],[Run]]/Table1[[#This Row],[E2E]] -> 2.0042728 | CO13: =Table1[[#This Row],[N2]]/Table1[[#This Row],[E2E]] -> 2.3939792 | CQ13: =Table1[[#This Row],[In-Tok]]+AvgOutLoad*Table1[[#This Row],[Out-Tok]] -> 8150 | CR13: =CD13*CQ13/CF13 -> 461715.33 | CS13: =CE13*CQ13/CG13 -> #DIV/0! | CT13: =(CJ13*M13+CI13*CQ13)/CG13 -> #DIV/0! | CU13: =$CL$4/CQ13 -> 0 | CV13: =CK13/CU13 -> #DIV/0! | CW13: =Table1[[#This Row],[N(maxT)]]/Table1[[#This Row],[e2e sat]] -> 0 | CX13: =Table1[[#This Row],[RPS]]/CW13 -> #DIV/0! | CY13: =Table1[[#This Row],[Kvcache]]/$T$4 -> #DIV/0!
A14: 9000 | B14: 300 | C14: 2 | D14: =Table1[[#This Row],[Kvcache]] -> 0.33464087 | E14: 1-15K,300 | F14: 46092 | H14: 0.31103301 | I14: 0.27097876 | J14: 1.4434406 | K14: 2.1836858 | L14: 2.3837302 | M14: 0.024980285 | N14: 7.8049971 | O14: 21954.551 | P14: 664.26222 | Q14: 14.166667 | R14: 25 | S14: 0.33464087 | T14: 0.59260409 | U14: =(Table1[[#This Row],[In-Tok]]+Table1[[#This Row],[Out-Tok]])*Table1[[#This Row],[RPS]] -> 18600 | V14: =Table1[[#This Row],[In-Tok]]+AvgOutLoad*Table1[[#This Row],[Out-Tok]] -> 9150 | W14: =Table1[[#This Row],[In-Tok]]*Table1[[#This Row],[RPS]] -> 18000 | X14: =Table1[[#This Row],[Out-Tok]]*Table1[[#This Row],[RPS]] -> 600 | Y14: =Table1[[#This Row],[In-Tok]]/Table1[[#This Row],[Out-Tok]] -> 30 | Z14: =Table1[[#This Row],[In-Tok]]*Table1[[#This Row],[N]]+AvgOutLoad*Table1[[#This Row],[Out-Tok]]*Table1[[#This Row],[Ndecode]] -> 157779.37 | AA14: =Table1[[#This Row],[tok(N)]]/Table1[[#This Row],[Kvcache]] -> 471488.65 | AB14: =Table1[[#This Row],[tok/req]]*Table1[[#This Row],[Run]] -> 129625 | AC14: =Table1[[#This Row],[tok(Run)]]/Table1[[#This Row],[Kvcache]] -> 387355.55 | AD14: =Table1[[#This Row],[tok/req]]*Table1[[#This Row],[MaxRun]] -> 228750 | AE14: =Table1[[#This Row],[tok(MaxRun)]]/Table1[[#This Row],[MaxKvcache]] -> 386008.14 | AF14: =Table1[[#This Row],[PPS]]*Table1[[#This Row],[Prefill]]/Table1[[#This Row],[In-Tok]] -> 0.66102411 | AG14: =Table1[[#This Row],[GPS]]*Table1[[#This Row],[ITL]] -> 16.59346 | AH14: =Table1[[#This Row],[Nprefill]]+Table1[[#This Row],[Ndecode]] -> 17.254484 | AI14: =Table1[[#This Row],[Run]]/Table1[[#This Row],[ITL]]/Table1[[#This Row],[GPS]] -> 0.85375002 | AJ14: =Table1[[#This Row],[Prefill]]+Table1[[#This Row],[ITL]] -> 0.29595904 | AK14: =Table1[[#This Row],[TTFT]]/Table1[[#This Row],[estTTFT]] -> 1.0509326 | AL14: =Table1[[#This Row],[In-Tok]]*Table1[[#This Row],[RPS]]/Table1[[#This Row],[PPS]] -> 0.81987557 | AM14: =Table1[[#This Row],[Prefill]]/Table1[[#This Row],[estPrefill]] -> 0.33051206 | AN14: =Table1[[#This Row],[Prefill]]/Table1[[#This Row],[TTFT]] -> 0.87122185 | AO14: =Table1[[#This Row],[Run]]/(Table1[[#This Row],[Out-Tok]]*Table1[[#This Row],[RPS]]) -> 0.023611111 | AP14: =Table1[[#This Row],[ITL]]/Table1[[#This Row],[estITL]] -> 1.0579886 | AQ14: =Table1[[#This Row],[E2E]]-Table1[[#This Row],[TTFT]]+Table1[[#This Row],[ITL]] -> 7.5189443 | AR14: =Table1[[#This Row],[estDecode]]/Table1[[#This Row],[Run]] -> 0.53074901 | AS14: =Table1[[#This Row],[Prefill]]+Table1[[#This Row],[Out-Tok]]*Table1[[#This Row],[ITL]] -> 7.7650643 | AT14: =Table1[[#This Row],[estPrefill]]+Table1[[#This Row],[Out-Tok]]*Table1[[#This Row],[ITL]] -> 8.3139611 | AU14: =Table1[[#This Row],[E2E]]/Table1[[#This Row],[estE2E]] -> 0.938782 | AV14: =Table1[[#This Row],[N]]/Table1[[#This Row],[estE2E]] -> 2.0753626 | AW14: =Table1[[#This Row],[PPS]]/Table1[[#This Row],[In-Tok]] -> 2.4393946 | AX14: =Table1[[#This Row],[RPS]]/Table1[[#This Row],[RPS(IL)]] -> 0.81987557 | AY14: =Table1[[#This Row],[GPS]]/Table1[[#This Row],[Out-Tok]] -> 2.2142074 | AZ14: =Table1[[#This Row],[RPS]]/Table1[[#This Row],[RPS(OL)]] -> 0.90325775 | BA14: =MaxTok/Table1[[#This Row],[tok/req]] -> 42.394783 | BB14: =Table1[[#This Row],[N]]/Table1[[#This Row],[N-max]] -> 0.40699545 | BC14: =Table1[[#This Row],[RPS]] -> 2 | BD14: =Table1[[#This Row],[PPS]]/Table1[[#This Row],[RPS success]] -> 10977.276 | BE14: =ABS(Table1[[#This Row],[est-In-Tok3]]-Table1[[#This Row],[In-Tok]])/Table1[[#This Row],[In-Tok]] -> 0.21969728 | BF14: =Table1[[#This Row],[GPS]]/Table1[[#This Row],[RPS success]] -> 332.13111 | BG14: =ABS(Table1[[#This Row],[est-Out-Tok3]]-Table1[[#This Row],[Out-Tok]])/Table1[[#This Row],[Out-Tok]] -> 0.1071037 | BH14: =Table1[[#This Row],[est-In-Tok3]]+AvgOutLoad*Table1[[#This Row],[est-Out-Tok3]] -> 11143.341 | BI14: =ABS(Table1[[#This Row],[est-Tok/Req3]]-Table1[[#This Row],[tok/req]])/Table1[[#This Row],[tok/req]] -> 0.21785149 | BJ14: =MaxTok/Table1[[#This Row],[est-Tok/Req3]] -> 34.811127 | BK14: =ABS(Table1[[#This Row],[est-N-max3]]-Table1[[#This Row],[N-max]])/Table1[[#This Row],[N-max]] -> 0.17888182 | BL14: =MaxTok*Table1[[#This Row],[Kvcache]]/Table1[[#This Row],[Run]] -> 9163.1504 | BM14: =ABS(Table1[[#This Row],[est-Tok/Req]]-Table1[[#This Row],[tok/req]])/Table1[[#This Row],[tok/req]] -> 0.0014372028 | BN14: =MaxTok/Table1[[#This Row],[est-Tok/Req]] -> 42.33394 | BO14: =Table1[[#This Row],[Run]]/Table1[[#This Row],[Kvcache]] -> 42.33394 | BP14: {=_xlfn.CEILING.MATH(INDIRECT("Table1"&BP$3)/BP$2)*BP$2} -> 10000 | BQ14: {=_xlfn.CEILING.MATH(INDIRECT("Table1"&BQ$3)/BQ$2)*BQ$2} -> 0.025 | BR14: {=_xlfn.CEILING.MATH(INDIRECT("Table1"&BR$3)/BR$2)*BR$2} -> 0.4 | BS14: {=_xlfn.CEILING.MATH(INDIRECT("Table1"&BS$3)/BS$2)*BS$2} -> 0.34 | BT14: {=_xlfn.CEILING.MATH(INDIRECT("Table1"&BT$3)/BT$2)*BT$2} -> 15 | BU14: {=_xlfn.CEILING.MATH(INDIRECT("Table1"&BU$3)/BU$2)*BU$2} -> 30 | BV14: {=_xlfn.CEILING.MATH(INDIRECT("Table1"&BV$3)/BV$2)*BV$2} -> 9000 | BY14: 0.59260409 | CA14: =(Table1[[#This Row],[In-Tok]]+Table1[[#This Row],[Out-Tok]])*Table1[[#This Row],[RPS]] -> 18600 | CB14: =R14*(A14+B14/2)/T14 -> 386008.14 | CC14: =Table1[[#This Row],[Supply]]/(Table1[[#This Row],[Prefill]]+Table1[[#This Row],[Out-Tok]]*Table1[[#This Row],[ITL]]) -> 49710.875 | CD14: =Table1[[#This Row],[MaxRun]]/Table1[[#This Row],[ITL]] -> 1000.7892 | CE14: =Table1[[#This Row],[Out-Tok]]*Table1[[#This Row],[RPS]] -> 600 | CF14: =Table1[[#This Row],[Supply]]/Table1[[#This Row],[Demand-T]] -> 20.753126 | CH14: =Table1[[#This Row],[Prefill]]+Table1[[#This Row],[Out-Tok]]*Table1[[#This Row],[ITL]] -> 7.7650643 | CI14: =Table1[[#This Row],[GPS]]*Table1[[#This Row],[ITL]] -> 16.59346 | CJ14: =Table1[[#This Row],[PPS]]*Table1[[#This Row],[Prefill]]/Table1[[#This Row],[In-Tok]] -> 0.66102411 | CK14: =CI14+CJ14 -> 17.254484 | CL14: =Table1[[#This Row],[PPS]]/Table1[[#This Row],[In-Tok]] -> 2.4393946 | CM14: =Table1[[#This Row],[GPS]]/Table1[[#This Row],[Out-Tok]] -> 2.2142074 | CN14: =Table1[[#This Row],[Run]]/Table1[[#This Row],[E2E]] -> 1.8150765 | CO14: =Table1[[#This Row],[N2]]/Table1[[#This Row],[E2E]] -> 2.210697 | CQ14: =Table1[[#This Row],[In-Tok]]+AvgOutLoad*Table1[[#This Row],[Out-Tok]] -> 9150 | CR14: =CD14*CQ14/CF14 -> 441245.4 | CS14: =CE14*CQ14/CG14 -> #DIV/0! | CT14: =(CJ14*M14+CI14*CQ14)/CG14 -> #DIV/0! | CU14: =$CL$4/CQ14 -> 0 | CV14: =CK14/CU14 -> #DIV/0! | CW14: =Table1[[#This Row],[N(maxT)]]/Table1[[#This Row],[e2e sat]] -> 0 | CX14: =Table1[[#This Row],[RPS]]/CW14 -> #DIV/0! | CY14: =Table1[[#This Row],[Kvcache]]/$T$4 -> #DIV/0!
A15: 10000 | B15: 300 | C15: 2 | D15: =Table1[[#This Row],[Kvcache]] -> 0.63176009 | E15: 1-15K,300 | F15: 46092 | H15: 1.3162717 | I15: 0.34317679 | J15: 2.6800668 | K15: 5.5133614 | L15: 6.1796993 | M15: 0.043304767 | N15: 14.064874 | O15: 25051.397 | P15: 670.70222 | Q15: 24.093056 | R15: 36.666667 | S15: 0.63176009 | T15: 0.9637445 | U15: =(Table1[[#This Row],[In-Tok]]+Table1[[#This Row],[Out-Tok]])*Table1[[#This Row],[RPS]] -> 20600 | V15: =Table1[[#This Row],[In-Tok]]+AvgOutLoad*Table1[[#This Row],[Out-Tok]] -> 10150 | W15: =Table1[[#This Row],[In-Tok]]*Table1[[#This Row],[RPS]] -> 20000 | X15: =Table1[[#This Row],[Out-Tok]]*Table1[[#This Row],[RPS]] -> 600 | Y15: =Table1[[#This Row],[In-Tok]]/Table1[[#This Row],[Out-Tok]] -> 33.333333 | Z15: =Table1[[#This Row],[In-Tok]]*Table1[[#This Row],[N]]+AvgOutLoad*Table1[[#This Row],[Out-Tok]]*Table1[[#This Row],[Ndecode]] -> 303399.78 | AA15: =Table1[[#This Row],[tok(N)]]/Table1[[#This Row],[Kvcache]] -> 480245.25 | AB15: =Table1[[#This Row],[tok/req]]*Table1[[#This Row],[Run]] -> 244544.51 | AC15: =Table1[[#This Row],[tok(Run)]]/Table1[[#This Row],[Kvcache]] -> 387084.46 | AD15: =Table1[[#This Row],[tok/req]]*Table1[[#This Row],[MaxRun]] -> 372166.67 | AE15: =Table1[[#This Row],[tok(MaxRun)]]/Table1[[#This Row],[MaxKvcache]] -> 386167.36 | AF15: =Table1[[#This Row],[PPS]]*Table1[[#This Row],[Prefill]]/Table1[[#This Row],[In-Tok]] -> 0.85970581 | AG15: =Table1[[#This Row],[GPS]]*Table1[[#This Row],[ITL]] -> 29.044603 | AH15: =Table1[[#This Row],[Nprefill]]+Table1[[#This Row],[Ndecode]] -> 29.904309 | AI15: =Table1[[#This Row],[Run]]/Table1[[#This Row],[ITL]]/Table1[[#This Row],[GPS]] -> 0.82951918 | AJ15: =Table1[[#This Row],[Prefill]]+Table1[[#This Row],[ITL]] -> 0.38648156 | AK15: =Table1[[#This Row],[TTFT]]/Table1[[#This Row],[estTTFT]] -> 3.4057813 | AL15: =Table1[[#This Row],[In-Tok]]*Table1[[#This Row],[RPS]]/Table1[[#This Row],[PPS]] -> 0.79835867 | AM15: =Table1[[#This Row],[Prefill]]/Table1[[#This Row],[estPrefill]] -> 0.42985291 | AN15: =Table1[[#This Row],[Prefill]]/Table1[[#This Row],[TTFT]] -> 0.26071882 | AO15: =Table1[[#This Row],[Run]]/(Table1[[#This Row],[Out-Tok]]*Table1[[#This Row],[RPS]]) -> 0.040155093 | AP15: =Table1[[#This Row],[ITL]]/Table1[[#This Row],[estITL]] -> 1.0784377 | AQ15: =Table1[[#This Row],[E2E]]-Table1[[#This Row],[TTFT]]+Table1[[#This Row],[ITL]] -> 12.791907 | AR15: =Table1[[#This Row],[estDecode]]/Table1[[#This Row],[Run]] -> 0.53093751 | AS15: =Table1[[#This Row],[Prefill]]+Table1[[#This Row],[Out-Tok]]*Table1[[#This Row],[ITL]] -> 13.334607 | AT15: =Table1[[#This Row],[estPrefill]]+Table1[[#This Row],[Out-Tok]]*Table1[[#This Row],[ITL]] -> 13.789789 | AU15: =Table1[[#This Row],[E2E]]/Table1[[#This Row],[estE2E]] -> 1.0199485 | AV15: =Table1[[#This Row],[N]]/Table1[[#This Row],[estE2E]] -> 2.1685836 | AW15: =Table1[[#This Row],[PPS]]/Table1[[#This Row],[In-Tok]] -> 2.5051397 | AX15: =Table1[[#This Row],[RPS]]/Table1[[#This Row],[RPS(IL)]] -> 0.79835867 | AY15: =Table1[[#This Row],[GPS]]/Table1[[#This Row],[Out-Tok]] -> 2.2356741 | AZ15: =Table1[[#This Row],[RPS]]/Table1[[#This Row],[RPS(OL)]] -> 0.89458478 | BA15: =MaxTok/Table1[[#This Row],[tok/req]] -> 38.217957 | BB15: =Table1[[#This Row],[N]]/Table1[[#This Row],[N-max]] -> 0.7824675 | BC15: =Table1[[#This Row],[RPS]] -> 2 | BD15: =Table1[[#This Row],[PPS]]/Table1[[#This Row],[RPS success]] -> 12525.699 | BE15: =ABS(Table1[[#This Row],[est-In-Tok3]]-Table1[[#This Row],[In-Tok]])/Table1[[#This Row],[In-Tok]] -> 0.25256986 | BF15: =Table1[[#This Row],[GPS]]/Table1[[#This Row],[RPS success]] -> 335.35111 | BG15: =ABS(Table1[[#This Row],[est-Out-Tok3]]-Table1[[#This Row],[Out-Tok]])/Table1[[#This Row],[Out-Tok]] -> 0.11783704 | BH15: =Table1[[#This Row],[est-In-Tok3]]+AvgOutLoad*Table1[[#This Row],[est-Out-Tok3]] -> 12693.374 | BI15: =ABS(Table1[[#This Row],[est-Tok/Req3]]-Table1[[#This Row],[tok/req]])/Table1[[#This Row],[tok/req]] -> 0.25057873 | BJ15: =MaxTok/Table1[[#This Row],[est-Tok/Req3]] -> 30.560217 | BK15: =ABS(Table1[[#This Row],[est-N-max3]]-Table1[[#This Row],[N-max]])/Table1[[#This Row],[N-max]] -> 0.20037022 | BL15: =MaxTok*Table1[[#This Row],[Kvcache]]/Table1[[#This Row],[Run]] -> 10171.706 | BM15: =ABS(Table1[[#This Row],[est-Tok/Req]]-Table1[[#This Row],[tok/req]])/Table1[[#This Row],[tok/req]] -> 0.0021385467 | BN15: =MaxTok/Table1[[#This Row],[est-Tok/Req]] -> 38.1364 | BO15: =Table1[[#This Row],[Run]]/Table1[[#This Row],[Kvcache]] -> 38.1364 | BP15: {=_xlfn.CEILING.MATH(INDIRECT("Table1"&BP$3)/BP$2)*BP$2} -> 11000 | BQ15: {=_xlfn.CEILING.MATH(INDIRECT("Table1"&BQ$3)/BQ$2)*BQ$2} -> 0.045 | BR15: {=_xlfn.CEILING.MATH(INDIRECT("Table1"&BR$3)/BR$2)*BR$2} -> 0.7 | BS15: {=_xlfn.CEILING.MATH(INDIRECT("Table1"&BS$3)/BS$2)*BS$2} -> 0.64 | BT15: {=_xlfn.CEILING.MATH(INDIRECT("Table1"&BT$3)/BT$2)*BT$2} -> 25 | BU15: {=_xlfn.CEILING.MATH(INDIRECT("Table1"&BU$3)/BU$2)*BU$2} -> 35 | BV15: {=_xlfn.CEILING.MATH(INDIRECT("Table1"&BV$3)/BV$2)*BV$2} -> 10000 | BY15: 0.9637445 | CA15: =(Table1[[#This Row],[In-Tok]]+Table1[[#This Row],[Out-Tok]])*Table1[[#This Row],[RPS]] -> 20600 | CB15: =R15*(A15+B15/2)/T15 -> 386167.36 | CC15: =Table1[[#This Row],[Supply]]/(Table1[[#This Row],[Prefill]]+Table1[[#This Row],[Out-Tok]]*Table1[[#This Row],[ITL]]) -> 28959.786 | CD15: =Table1[[#This Row],[MaxRun]]/Table1[[#This Row],[ITL]] -> 846.71202 | CE15: =Table1[[#This Row],[Out-Tok]]*Table1[[#This Row],[RPS]] -> 600 | CF15: =Table1[[#This Row],[Supply]]/Table1[[#This Row],[Demand-T]] -> 18.745988 | CH15: =Table1[[#This Row],[Prefill]]+Table1[[#This Row],[Out-Tok]]*Table1[[#This Row],[ITL]] -> 13.334607 | CI15: =Table1[[#This Row],[GPS]]*Table1[[#This Row],[ITL]] -> 29.044603 | CJ15: =Table1[[#This Row],[PPS]]*Table1[[#This Row],[Prefill]]/Table1[[#This Row],[In-Tok]] -> 0.85970581 | CK15: =CI15+CJ15 -> 29.904309 | CL15: =Table1[[#This Row],[PPS]]/Table1[[#This Row],[In-Tok]] -> 2.5051397 | CM15: =Table1[[#This Row],[GPS]]/Table1[[#This Row],[Out-Tok]] -> 2.2356741 | CN15: =Table1[[#This Row],[Run]]/Table1[[#This Row],[E2E]] -> 1.7129948 | CO15: =Table1[[#This Row],[N2]]/Table1[[#This Row],[E2E]] -> 2.1261697 | CQ15: =Table1[[#This Row],[In-Tok]]+AvgOutLoad*Table1[[#This Row],[Out-Tok]] -> 10150 | CR15: =CD15*CQ15/CF15 -> 458451.53 | CS15: =CE15*CQ15/CG15 -> #DIV/0! | CT15: =(CJ15*M15+CI15*CQ15)/CG15 -> #DIV/0! | CU15: =$CL$4/CQ15 -> 0 | CV15: =CK15/CU15 -> #DIV/0! | CW15: =Table1[[#This Row],[N(maxT)]]/Table1[[#This Row],[e2e sat]] -> 0 | CX15: =Table1[[#This Row],[RPS]]/CW15 -> #DIV/0! | CY15: =Table1[[#This Row],[Kvcache]]/$T$4 -> #DIV/0!
A16: 11000 | B16: 300 | C16: 2 | D16: =Table1[[#This Row],[Kvcache]] -> 0.71907486 | E16: 1-15K,300 | F16: 46092 | H16: 1.7155508 | I16: 0.38150473 | J16: 3.1402687 | K16: 5.794974 | L16: 6.3687062 | M16: 0.047299661 | N16: 15.093951 | O16: 27245.547 | P16: 646.85778 | Q16: 24.979167 | R16: 34 | S16: 0.71907486 | T16: 0.98143264 | U16: =(Table1[[#This Row],[In-Tok]]+Table1[[#This Row],[Out-Tok]])*Table1[[#This Row],[RPS]] -> 22600 | V16: =Table1[[#This Row],[In-Tok]]+AvgOutLoad*Table1[[#This Row],[Out-Tok]] -> 11150 | W16: =Table1[[#This Row],[In-Tok]]*Table1[[#This Row],[RPS]] -> 22000 | X16: =Table1[[#This Row],[Out-Tok]]*Table1[[#This Row],[RPS]] -> 600 | Y16: =Table1[[#This Row],[In-Tok]]/Table1[[#This Row],[Out-Tok]] -> 36.666667 | Z16: =Table1[[#This Row],[In-Tok]]*Table1[[#This Row],[N]]+AvgOutLoad*Table1[[#This Row],[Out-Tok]]*Table1[[#This Row],[Ndecode]] -> 351541.42 | AA16: =Table1[[#This Row],[tok(N)]]/Table1[[#This Row],[Kvcache]] -> 488880.14 | AB16: =Table1[[#This Row],[tok/req]]*Table1[[#This Row],[Run]] -> 278517.71 | AC16: =Table1[[#This Row],[tok(Run)]]/Table1[[#This Row],[Kvcache]] -> 387327.83 | AD16: =Table1[[#This Row],[tok/req]]*Table1[[#This Row],[MaxRun]] -> 379100 | AE16: =Table1[[#This Row],[tok(MaxRun)]]/Table1[[#This Row],[MaxKvcache]] -> 386272.05 | AF16: =Table1[[#This Row],[PPS]]*Table1[[#This Row],[Prefill]]/Table1[[#This Row],[In-Tok]] -> 0.94493682 | AG16: =Table1[[#This Row],[GPS]]*Table1[[#This Row],[ITL]] -> 30.596154 | AH16: =Table1[[#This Row],[Nprefill]]+Table1[[#This Row],[Ndecode]] -> 31.541091 | AI16: =Table1[[#This Row],[Run]]/Table1[[#This Row],[ITL]]/Table1[[#This Row],[GPS]] -> 0.81641525 | AJ16: =Table1[[#This Row],[Prefill]]+Table1[[#This Row],[ITL]] -> 0.4288044 | AK16: =Table1[[#This Row],[TTFT]]/Table1[[#This Row],[estTTFT]] -> 4.0007771 | AL16: =Table1[[#This Row],[In-Tok]]*Table1[[#This Row],[RPS]]/Table1[[#This Row],[PPS]] -> 0.80747141 | AM16: =Table1[[#This Row],[Prefill]]/Table1[[#This Row],[estPrefill]] -> 0.47246841 | AN16: =Table1[[#This Row],[Prefill]]/Table1[[#This Row],[TTFT]] -> 0.22238032 | AO16: =Table1[[#This Row],[Run]]/(Table1[[#This Row],[Out-Tok]]*Table1[[#This Row],[RPS]]) -> 0.041631944 | AP16: =Table1[[#This Row],[ITL]]/Table1[[#This Row],[estITL]] -> 1.1361387 | AQ16: =Table1[[#This Row],[E2E]]-Table1[[#This Row],[TTFT]]+Table1[[#This Row],[ITL]] -> 13.4257 | AR16: =Table1[[#This Row],[estDecode]]/Table1[[#This Row],[Run]] -> 0.53747589 | AS16: =Table1[[#This Row],[Prefill]]+Table1[[#This Row],[Out-Tok]]*Table1[[#This Row],[ITL]] -> 14.571403 | AT16: =Table1[[#This Row],[estPrefill]]+Table1[[#This Row],[Out-Tok]]*Table1[[#This Row],[ITL]] -> 14.99737 | AU16: =Table1[[#This Row],[E2E]]/Table1[[#This Row],[estE2E]] -> 1.0064399 | AV16: =Table1[[#This Row],[N]]/Table1[[#This Row],[estE2E]] -> 2.1031081 | AW16: =Table1[[#This Row],[PPS]]/Table1[[#This Row],[In-Tok]] -> 2.4768679 | AX16: =Table1[[#This Row],[RPS]]/Table1[[#This Row],[RPS(IL)]] -> 0.80747141 | AY16: =Table1[[#This Row],[GPS]]/Table1[[#This Row],[Out-Tok]] -> 2.1561926 | AZ16: =Table1[[#This Row],[RPS]]/Table1[[#This Row],[RPS(OL)]] -> 0.92756093 | BA16: =MaxTok/Table1[[#This Row],[tok/req]] -> 34.790337 | BB16: =Table1[[#This Row],[N]]/Table1[[#This Row],[N-max]] -> 0.90660491 | BC16: =Table1[[#This Row],[RPS]] -> 2 | BD16: =Table1[[#This Row],[PPS]]/Table1[[#This Row],[RPS success]] -> 13622.773 | BE16: =ABS(Table1[[#This Row],[est-In-Tok3]]-Table1[[#This Row],[In-Tok]])/Table1[[#This Row],[In-Tok]] -> 0.23843394 | BF16: =Table1[[#This Row],[GPS]]/Table1[[#This Row],[RPS success]] -> 323.42889 | BG16: =ABS(Table1[[#This Row],[est-Out-Tok3]]-Table1[[#This Row],[Out-Tok]])/Table1[[#This Row],[Out-Tok]] -> 0.078096296 | BH16: =Table1[[#This Row],[est-In-Tok3]]+AvgOutLoad*Table1[[#This Row],[est-Out-Tok3]] -> 13784.488 | BI16: =ABS(Table1[[#This Row],[est-Tok/Req3]]-Table1[[#This Row],[tok/req]])/Table1[[#This Row],[tok/req]] -> 0.23627693 | BJ16: =MaxTok/Table1[[#This Row],[est-Tok/Req3]] -> 28.141217 | BK16: =ABS(Table1[[#This Row],[est-N-max3]]-Table1[[#This Row],[N-max]])/Table1[[#This Row],[N-max]] -> 0.19111974 | BL16: =MaxTok*Table1[[#This Row],[Kvcache]]/Table1[[#This Row],[Run]] -> 11166.824 | BM16: =ABS(Table1[[#This Row],[est-Tok/Req]]-Table1[[#This Row],[tok/req]])/Table1[[#This Row],[tok/req]] -> 0.0015088764 | BN16: =MaxTok/Table1[[#This Row],[est-Tok/Req]] -> 34.737922 | BO16: =Table1[[#This Row],[Run]]/Table1[[#This Row],[Kvcache]] -> 34.737922 | BP16: {=_xlfn.CEILING.MATH(INDIRECT("Table1"&BP$3)/BP$2)*BP$2} -> 12000 | BQ16: {=_xlfn.CEILING.MATH(INDIRECT("Table1"&BQ$3)/BQ$2)*BQ$2} -> 0.05 | BR16: {=_xlfn.CEILING.MATH(INDIRECT("Table1"&BR$3)/BR$2)*BR$2} -> 0.8 | BS16: {=_xlfn.CEILING.MATH(INDIRECT("Table1"&BS$3)/BS$2)*BS$2} -> 0.72 | BT16: {=_xlfn.CEILING.MATH(INDIRECT("Table1"&BT$3)/BT$2)*BT$2} -> 25 | BU16: {=_xlfn.CEILING.MATH(INDIRECT("Table1"&BU$3)/BU$2)*BU$2} -> 40 | BV16: {=_xlfn.CEILING.MATH(INDIRECT("Table1"&BV$3)/BV$2)*BV$2} -> 11000 | BY16: 0.98143264 | CA16: =(Table1[[#This Row],[In-Tok]]+Table1[[#This Row],[Out-Tok]])*Table1[[#This Row],[RPS]] -> 22600 | CB16: =R16*(A16+B16/2)/T16 -> 386272.05 | CC16: =Table1[[#This Row],[Supply]]/(Table1[[#This Row],[Prefill]]+Table1[[#This Row],[Out-Tok]]*Table1[[#This Row],[ITL]]) -> 26508.913 | CD16: =Table1[[#This Row],[MaxRun]]/Table1[[#This Row],[ITL]] -> 718.82121 | CE16: =Table1[[#This Row],[Out-Tok]]*Table1[[#This Row],[RPS]] -> 600 | CF16: =Table1[[#This Row],[Supply]]/Table1[[#This Row],[Demand-T]] -> 17.091684 | CH16: =Table1[[#This Row],[Prefill]]+Table1[[#This Row],[Out-Tok]]*Table1[[#This Row],[ITL]] -> 14.571403 | CI16: =Table1[[#This Row],[GPS]]*Table1[[#This Row],[ITL]] -> 30.596154 | CJ16: =Table1[[#This Row],[PPS]]*Table1[[#This Row],[Prefill]]/Table1[[#This Row],[In-Tok]] -> 0.94493682 | CK16: =CI16+CJ16 -> 31.541091 | CL16: =Table1[[#This Row],[PPS]]/Table1[[#This Row],[In-Tok]] -> 2.4768679 | CM16: =Table1[[#This Row],[GPS]]/Table1[[#This Row],[Out-Tok]] -> 2.1561926 | CN16: =Table1[[#This Row],[Run]]/Table1[[#This Row],[E2E]] -> 1.6549124 | CO16: =Table1[[#This Row],[N2]]/Table1[[#This Row],[E2E]] -> 2.089651 | CQ16: =Table1[[#This Row],[In-Tok]]+AvgOutLoad*Table1[[#This Row],[Out-Tok]] -> 11150 | CR16: =CD16*CQ16/CF16 -> 468933.11 | CS16: =CE16*CQ16/CG16 -> #DIV/0! | CT16: =(CJ16*M16+CI16*CQ16)/CG16 -> #DIV/0! | CU16: =$CL$4/CQ16 -> 0 | CV16: =CK16/CU16 -> #DIV/0! | CW16: =Table1[[#This Row],[N(maxT)]]/Table1[[#This Row],[e2e sat]] -> 0 | CX16: =Table1[[#This Row],[RPS]]/CW16 -> #DIV/0! | CY16: =Table1[[#This Row],[Kvcache]]/$T$4 -> #DIV/0!
A17: 12000 | B17: 300 | C17: 2 | D17: =Table1[[#This Row],[Kvcache]] -> 0.77042547 | E17: 1-15K,300 | F17: 46092 | H17: 3.5051964 | I17: 0.55509771 | J17: 5.0868832 | K17: 11.410245 | L17: 12.340481 | M17: 0.049184309 | N17: 18.02408 | O17: 27444.967 | P17: 617.2 | Q17: 24.54902 | R17: 31.666667 | S17: 0.77042547 | T17: 0.99200931 | U17: =(Table1[[#This Row],[In-Tok]]+Table1[[#This Row],[Out-Tok]])*Table1[[#This Row],[RPS]] -> 24600 | V17: =Table1[[#This Row],[In-Tok]]+AvgOutLoad*Table1[[#This Row],[Out-Tok]] -> 12150 | W17: =Table1[[#This Row],[In-Tok]]*Table1[[#This Row],[RPS]] -> 24000 | X17: =Table1[[#This Row],[Out-Tok]]*Table1[[#This Row],[RPS]] -> 600 | Y17: =Table1[[#This Row],[In-Tok]]/Table1[[#This Row],[Out-Tok]] -> 40 | Z17: =Table1[[#This Row],[In-Tok]]*Table1[[#This Row],[N]]+AvgOutLoad*Table1[[#This Row],[Out-Tok]]*Table1[[#This Row],[Ndecode]] -> 384066.79 | AA17: =Table1[[#This Row],[tok(N)]]/Table1[[#This Row],[Kvcache]] -> 498512.58 | AB17: =Table1[[#This Row],[tok/req]]*Table1[[#This Row],[Run]] -> 298270.59 | AC17: =Table1[[#This Row],[tok(Run)]]/Table1[[#This Row],[Kvcache]] -> 387150.48 | AD17: =Table1[[#This Row],[tok/req]]*Table1[[#This Row],[MaxRun]] -> 384750 | AE17: =Table1[[#This Row],[tok(MaxRun)]]/Table1[[#This Row],[MaxKvcache]] -> 387849.18 | AF17: =Table1[[#This Row],[PPS]]*Table1[[#This Row],[Prefill]]/Table1[[#This Row],[In-Tok]] -> 1.2695532 | AG17: =Table1[[#This Row],[GPS]]*Table1[[#This Row],[ITL]] -> 30.356556 | AH17: =Table1[[#This Row],[Nprefill]]+Table1[[#This Row],[Ndecode]] -> 31.626109 | AI17: =Table1[[#This Row],[Run]]/Table1[[#This Row],[ITL]]/Table1[[#This Row],[GPS]] -> 0.80868923 | AJ17: =Table1[[#This Row],[Prefill]]+Table1[[#This Row],[ITL]] -> 0.60428202 | AK17: =Table1[[#This Row],[TTFT]]/Table1[[#This Row],[estTTFT]] -> 5.8005969 | AL17: =Table1[[#This Row],[In-Tok]]*Table1[[#This Row],[RPS]]/Table1[[#This Row],[PPS]] -> 0.87447729 | AM17: =Table1[[#This Row],[Prefill]]/Table1[[#This Row],[estPrefill]] -> 0.63477659 | AN17: =Table1[[#This Row],[Prefill]]/Table1[[#This Row],[TTFT]] -> 0.15836422 | AO17: =Table1[[#This Row],[Run]]/(Table1[[#This Row],[Out-Tok]]*Table1[[#This Row],[RPS]]) -> 0.040915033 | AP17: =Table1[[#This Row],[ITL]]/Table1[[#This Row],[estITL]] -> 1.2021085 | AQ17: =Table1[[#This Row],[E2E]]-Table1[[#This Row],[TTFT]]+Table1[[#This Row],[ITL]] -> 14.568068 | AR17: =Table1[[#This Row],[estDecode]]/Table1[[#This Row],[Run]] -> 0.59342767 | AS17: =Table1[[#This Row],[Prefill]]+Table1[[#This Row],[Out-Tok]]*Table1[[#This Row],[ITL]] -> 15.31039 | AT17: =Table1[[#This Row],[estPrefill]]+Table1[[#This Row],[Out-Tok]]*Table1[[#This Row],[ITL]] -> 15.62977 | AU17: =Table1[[#This Row],[E2E]]/Table1[[#This Row],[estE2E]] -> 1.1531891 | AV17: =Table1[[#This Row],[N]]/Table1[[#This Row],[estE2E]] -> 2.0234532 | AW17: =Table1[[#This Row],[PPS]]/Table1[[#This Row],[In-Tok]] -> 2.2870806 | AX17: =Table1[[#This Row],[RPS]]/Table1[[#This Row],[RPS(IL)]] -> 0.87447729 | AY17: =Table1[[#This Row],[GPS]]/Table1[[#This Row],[Out-Tok]] -> 2.0573333 | AZ17: =Table1[[#This Row],[RPS]]/Table1[[#This Row],[RPS(OL)]] -> 0.97213221 | BA17: =MaxTok/Table1[[#This Row],[tok/req]] -> 31.926935 | BB17: =Table1[[#This Row],[N]]/Table1[[#This Row],[N-max]] -> 0.99057766 | BC17: =Table1[[#This Row],[RPS]] -> 2 | BD17: =Table1[[#This Row],[PPS]]/Table1[[#This Row],[RPS success]] -> 13722.483 | BE17: =ABS(Table1[[#This Row],[est-In-Tok3]]-Table1[[#This Row],[In-Tok]])/Table1[[#This Row],[In-Tok]] -> 0.14354028 | BF17: =Table1[[#This Row],[GPS]]/Table1[[#This Row],[RPS success]] -> 308.6 | BG17: =ABS(Table1[[#This Row],[est-Out-Tok3]]-Table1[[#This Row],[Out-Tok]])/Table1[[#This Row],[Out-Tok]] -> 0.028666667 | BH17: =Table1[[#This Row],[est-In-Tok3]]+AvgOutLoad*Table1[[#This Row],[est-Out-Tok3]] -> 13876.783 | BI17: =ABS(Table1[[#This Row],[est-Tok/Req3]]-Table1[[#This Row],[tok/req]])/Table1[[#This Row],[tok/req]] -> 0.14212209 | BJ17: =MaxTok/Table1[[#This Row],[est-Tok/Req3]] -> 27.954048 | BK17: =ABS(Table1[[#This Row],[est-N-max3]]-Table1[[#This Row],[N-max]])/Table1[[#This Row],[N-max]] -> 0.12443686 | BL17: =MaxTok*Table1[[#This Row],[Kvcache]]/Table1[[#This Row],[Run]] -> 12173.907 | BM17: =ABS(Table1[[#This Row],[est-Tok/Req]]-Table1[[#This Row],[tok/req]])/Table1[[#This Row],[tok/req]] -> 0.001967672 | BN17: =MaxTok/Table1[[#This Row],[est-Tok/Req]] -> 31.864237 | BO17: =Table1[[#This Row],[Run]]/Table1[[#This Row],[Kvcache]] -> 31.864237 | BP17: {=_xlfn.CEILING.MATH(INDIRECT("Table1"&BP$3)/BP$2)*BP$2} -> 13000 | BQ17: {=_xlfn.CEILING.MATH(INDIRECT("Table1"&BQ$3)/BQ$2)*BQ$2} -> 0.05 | BR17: {=_xlfn.CEILING.MATH(INDIRECT("Table1"&BR$3)/BR$2)*BR$2} -> 0.8 | BS17: {=_xlfn.CEILING.MATH(INDIRECT("Table1"&BS$3)/BS$2)*BS$2} -> 0.78 | BT17: {=_xlfn.CEILING.MATH(INDIRECT("Table1"&BT$3)/BT$2)*BT$2} -> 25 | BU17: {=_xlfn.CEILING.MATH(INDIRECT("Table1"&BU$3)/BU$2)*BU$2} -> 40 | BV17: {=_xlfn.CEILING.MATH(INDIRECT("Table1"&BV$3)/BV$2)*BV$2} -> 12000 | BY17: 0.99200931 | CA17: =(Table1[[#This Row],[In-Tok]]+Table1[[#This Row],[Out-Tok]])*Table1[[#This Row],[RPS]] -> 24600 | CB17: =R17*(A17+B17/2)/T17 -> 387849.18 | CC17: =Table1[[#This Row],[Supply]]/(Table1[[#This Row],[Prefill]]+Table1[[#This Row],[Out-Tok]]*Table1[[#This Row],[ITL]]) -> 25332.416 | CD17: =Table1[[#This Row],[MaxRun]]/Table1[[#This Row],[ITL]] -> 643.83677 | CE17: =Table1[[#This Row],[Out-Tok]]*Table1[[#This Row],[RPS]] -> 600 | CF17: =Table1[[#This Row],[Supply]]/Table1[[#This Row],[Demand-T]] -> 15.766227 | CH17: =Table1[[#This Row],[Prefill]]+Table1[[#This Row],[Out-Tok]]*Table1[[#This Row],[ITL]] -> 15.31039 | CI17: =Table1[[#This Row],[GPS]]*Table1[[#This Row],[ITL]] -> 30.356556 | CJ17: =Table1[[#This Row],[PPS]]*Table1[[#This Row],[Prefill]]/Table1[[#This Row],[In-Tok]] -> 1.2695532 | CK17: =CI17+CJ17 -> 31.626109 | CL17: =Table1[[#This Row],[PPS]]/Table1[[#This Row],[In-Tok]] -> 2.2870806 | CM17: =Table1[[#This Row],[GPS]]/Table1[[#This Row],[Out-Tok]] -> 2.0573333 | CN17: =Table1[[#This Row],[Run]]/Table1[[#This Row],[E2E]] -> 1.3620124 | CO17: =Table1[[#This Row],[N2]]/Table1[[#This Row],[E2E]] -> 1.7546587 | CQ17: =Table1[[#This Row],[In-Tok]]+AvgOutLoad*Table1[[#This Row],[Out-Tok]] -> 12150 | CR17: =CD17*CQ17/CF17 -> 496162.89 | CS17: =CE17*CQ17/CG17 -> #DIV/0! | CT17: =(CJ17*M17+CI17*CQ17)/CG17 -> #DIV/0! | CU17: =$CL$4/CQ17 -> 0 | CV17: =CK17/CU17 -> #DIV/0! | CW17: =Table1[[#This Row],[N(maxT)]]/Table1[[#This Row],[e2e sat]] -> 0 | CX17: =Table1[[#This Row],[RPS]]/CW17 -> #DIV/0! | CY17: =Table1[[#This Row],[Kvcache]]/$T$4 -> #DIV/0!
... A88: 5000 | B88: 500 | C88: 7 | D88: =Table1[[#This Row],[Kvcache]] -> 0.8677447 | E88: 5K,500 | F88: 46092 | H88: 14.245443 | I88: 0.46475652 | J88: 14.786197 | K88: 25.480479 | L88: 28.256827 | M88: 0.040722936 | N88: 34.355859 | O88: 26745.607 | P88: 2470.4659 | Q88: 64.152778 | R88: 75 | S88: 0.8677447 | T88: 0.99743988 | U88: =(Table1[[#This Row],[In-Tok]]+Table1[[#This Row],[Out-Tok]])*Table1[[#This Row],[RPS]] -> 38500 | V88: =Table1[[#This Row],[In-Tok]]+AvgOutLoad*Table1[[#This Row],[Out-Tok]] -> 5250 | W88: =Table1[[#This Row],[In-Tok]]*Table1[[#This Row],[RPS]] -> 35000 | X88: =Table1[[#This Row],[Out-Tok]]*Table1[[#This Row],[RPS]] -> 3500 | Y88: =Table1[[#This Row],[In-Tok]]/Table1[[#This Row],[Out-Tok]] -> 10 | Z88: =Table1[[#This Row],[In-Tok]]*Table1[[#This Row],[N]]+AvgOutLoad*Table1[[#This Row],[Out-Tok]]*Table1[[#This Row],[Ndecode]] -> 540604.47 | AA88: =Table1[[#This Row],[tok(N)]]/Table1[[#This Row],[Kvcache]] -> 622999.45 | AB88: =Table1[[#This Row],[tok/req]]*Table1[[#This Row],[Run]] -> 336802.08 | AC88: =Table1[[#This Row],[tok(Run)]]/Table1[[#This Row],[Kvcache]] -> 388134.99 | AD88: =Table1[[#This Row],[tok/req]]*Table1[[#This Row],[MaxRun]] -> 393750 | AE88: =Table1[[#This Row],[tok(MaxRun)]]/Table1[[#This Row],[MaxKvcache]] -> 394760.64 | AF88: =Table1[[#This Row],[PPS]]*Table1[[#This Row],[Prefill]]/Table1[[#This Row],[In-Tok]] -> 2.4860391 | AG88: =Table1[[#This Row],[GPS]]*Table1[[#This Row],[ITL]] -> 100.60462 | AH88: =Table1[[#This Row],[Nprefill]]+Table1[[#This Row],[Ndecode]] -> 103.09066 | AI88: =Table1[[#This Row],[Run]]/Table1[[#This Row],[ITL]]/Table1[[#This Row],[GPS]] -> 0.63767226 | AJ88: =Table1[[#This Row],[Prefill]]+Table1[[#This Row],[ITL]] -> 0.50547945 | AK88: =Table1[[#This Row],[TTFT]]/Table1[[#This Row],[estTTFT]] -> 28.182041 | AL88: =Table1[[#This Row],[In-Tok]]*Table1[[#This Row],[RPS]]/Table1[[#This Row],[PPS]] -> 1.3086261 | AM88: =Table1[[#This Row],[Prefill]]/Table1[[#This Row],[estPrefill]] -> 0.35514844 | AN88: =Table1[[#This Row],[Prefill]]/Table1[[#This Row],[TTFT]] -> 0.032624926 | AO88: =Table1[[#This Row],[Run]]/(Table1[[#This Row],[Out-Tok]]*Table1[[#This Row],[RPS]]) -> 0.018329365 | AP88: =Table1[[#This Row],[ITL]]/Table1[[#This Row],[estITL]] -> 2.2217319 | AQ88: =Table1[[#This Row],[E2E]]-Table1[[#This Row],[TTFT]]+Table1[[#This Row],[ITL]] -> 20.15114 | AR88: =Table1[[#This Row],[estDecode]]/Table1[[#This Row],[Run]] -> 0.31411172 | AS88: =Table1[[#This Row],[Prefill]]+Table1[[#This Row],[Out-Tok]]*Table1[[#This Row],[ITL]] -> 20.826224 | AT88: =Table1[[#This Row],[estPrefill]]+Table1[[#This Row],[Out-Tok]]*Table1[[#This Row],[ITL]] -> 21.670094 | AU88: =Table1[[#This Row],[E2E]]/Table1[[#This Row],[estE2E]] -> 1.5854043 | AV88: =Table1[[#This Row],[N]]/Table1[[#This Row],[estE2E]] -> 4.7572781 | AW88: =Table1[[#This Row],[PPS]]/Table1[[#This Row],[In-Tok]] -> 5.3491215 | AX88: =Table1[[#This Row],[RPS]]/Table1[[#This Row],[RPS(IL)]] -> 1.3086261 | AY88: =Table1[[#This Row],[GPS]]/Table1[[#This Row],[Out-Tok]] -> 4.9409318 | AZ88: =Table1[[#This Row],[RPS]]/Table1[[#This Row],[RPS(OL)]] -> 1.4167368 | BA88: =MaxTok/Table1[[#This Row],[tok/req]] -> 73.88805 | BB88: =Table1[[#This Row],[N]]/Table1[[#This Row],[N-max]] -> 1.3952278 | BC88: =Table1[[#This Row],[RPS]] -> 7 | BD88: =Table1[[#This Row],[PPS]]/Table1[[#This Row],[RPS success]] -> 3820.8011 | BE88: =ABS(Table1[[#This Row],[est-In-Tok3]]-Table1[[#This Row],[In-Tok]])/Table1[[#This Row],[In-Tok]] -> 0.23583979 | BF88: =Table1[[#This Row],[GPS]]/Table1[[#This Row],[RPS success]] -> 352.9237 | BG88: =ABS(Table1[[#This Row],[est-Out-Tok3]]-Table1[[#This Row],[Out-Tok]])/Table1[[#This Row],[Out-Tok]] -> 0.29415261 | BH88: =Table1[[#This Row],[est-In-Tok3]]+AvgOutLoad*Table1[[#This Row],[est-Out-Tok3]] -> 3997.2629 | BI88: =ABS(Table1[[#This Row],[est-Tok/Req3]]-Table1[[#This Row],[tok/req]])/Table1[[#This Row],[tok/req]] -> 0.23861659 | BJ88: =MaxTok/Table1[[#This Row],[est-Tok/Req3]] -> 97.04447 | BK88: =ABS(Table1[[#This Row],[est-N-max3]]-Table1[[#This Row],[N-max]])/Table1[[#This Row],[N-max]] -> 0.31339872 | BL88: =MaxTok*Table1[[#This Row],[Kvcache]]/Table1[[#This Row],[Run]] -> 5246.9873 | BM88: =ABS(Table1[[#This Row],[est-Tok/Req]]-Table1[[#This Row],[tok/req]])/Table1[[#This Row],[tok/req]] -> 0.0005738516 | BN88: =MaxTok/Table1[[#This Row],[est-Tok/Req]] -> 73.930475 | BO88: =Table1[[#This Row],[Run]]/Table1[[#This Row],[Kvcache]] -> 73.930475 | BP88: {=_xlfn.CEILING.MATH(INDIRECT("Table1"&BP$3)/BP$2)*BP$2} -> 6000 | BQ88: {=_xlfn.CEILING.MATH(INDIRECT("Table1"&BQ$3)/BQ$2)*BQ$2} -> 0.045 | BR88: {=_xlfn.CEILING.MATH(INDIRECT("Table1"&BR$3)/BR$2)*BR$2} -> 0.9 | BS88: {=_xlfn.CEILING.MATH(INDIRECT("Table1"&BS$3)/BS$2)*BS$2} -> 0.87 | BT88: {=_xlfn.CEILING.MATH(INDIRECT("Table1"&BT$3)/BT$2)*BT$2} -> 65 | BU88: {=_xlfn.CEILING.MATH(INDIRECT("Table1"&BU$3)/BU$2)*BU$2} -> 10 | BV88: {=_xlfn.CEILING.MATH(INDIRECT("Table1"&BV$3)/BV$2)*BV$2} -> 5000 | BY88: 0.99743988 | CA88: =(Table1[[#This Row],[In-Tok]]+Table1[[#This Row],[Out-Tok]])*Table1[[#This Row],[RPS]] -> 38500 | CB88: =R88*(A88+B88/2)/T88 -> 394760.64 | CC88: =Table1[[#This Row],[Supply]]/(Table1[[#This Row],[Prefill]]+Table1[[#This Row],[Out-Tok]]*Table1[[#This Row],[ITL]]) -> 18954.978 | CD88: =Table1[[#This Row],[MaxRun]]/Table1[[#This Row],[ITL]] -> 1841.714 | CE88: =Table1[[#This Row],[Out-Tok]]*Table1[[#This Row],[RPS]] -> 3500 | CF88: =Table1[[#This Row],[Supply]]/Table1[[#This Row],[Demand-T]] -> 10.253523 | CH88: =Table1[[#This Row],[Prefill]]+Table1[[#This Row],[Out-Tok]]*Table1[[#This Row],[ITL]] -> 20.826224 | CI88: =Table1[[#This Row],[GPS]]*Table1[[#This Row],[ITL]] -> 100.60462 | CJ88: =Table1[[#This Row],[PPS]]*Table1[[#This Row],[Prefill]]/Table1[[#This Row],[In-Tok]] -> 2.4860391 | CK88: =CI88+CJ88 -> 103.09066 | CL88: =Table1[[#This Row],[PPS]]/Table1[[#This Row],[In-Tok]] -> 5.3491215 | CM88: =Table1[[#This Row],[GPS]]/Table1[[#This Row],[Out-Tok]] -> 4.9409318 | CN88: =Table1[[#This Row],[Run]]/Table1[[#This Row],[E2E]] -> 1.8673024 | CO88: =Table1[[#This Row],[N2]]/Table1[[#This Row],[E2E]] -> 3.0006719 | CQ88: =Table1[[#This Row],[In-Tok]]+AvgOutLoad*Table1[[#This Row],[Out-Tok]] -> 5250 | CR88: =CD88*CQ88/CF88 -> 942992.8 | CS88: =CE88*CQ88/CG88 -> #DIV/0! | CT88: =(CJ88*M88+CI88*CQ88)/CG88 -> #DIV/0! | CU88: =$CL$4/CQ88 -> 0 | CV88: =CK88/CU88 -> #DIV/0! | CW88: =Table1[[#This Row],[N(maxT)]]/Table1[[#This Row],[e2e sat]] -> 0 | CX88: =Table1[[#This Row],[RPS]]/CW88 -> #DIV/0! | CY88: =Table1[[#This Row],[Kvcache]]/$T$4 -> #DIV/0!
A89: 5000 | B89: 500 | C89: 2 | D89: =Table1[[#This Row],[Kvcache]] -> 0.17859033 | E89: 5K,500 | F89: 46092 | H89: 0.17598432 | I89: 0.15181906 | J89: 0.8140738 | K89: 1.1390088 | L89: 1.3229177 | M89: 0.013675467 | N89: 7.0367609 | O89: 12454.506 | P89: 1162.1813 | Q89: 13.176471 | R89: 26 | S89: 0.17859033 | T89: 0.35128006 | U89: =(Table1[[#This Row],[In-Tok]]+Table1[[#This Row],[Out-Tok]])*Table1[[#This Row],[RPS]] -> 11000 | V89: =Table1[[#This Row],[In-Tok]]+AvgOutLoad*Table1[[#This Row],[Out-Tok]] -> 5250 | W89: =Table1[[#This Row],[In-Tok]]*Table1[[#This Row],[RPS]] -> 10000 | X89: =Table1[[#This Row],[Out-Tok]]*Table1[[#This Row],[RPS]] -> 1000 | Y89: =Table1[[#This Row],[In-Tok]]/Table1[[#This Row],[Out-Tok]] -> 10 | Z89: =Table1[[#This Row],[In-Tok]]*Table1[[#This Row],[N]]+AvgOutLoad*Table1[[#This Row],[Out-Tok]]*Table1[[#This Row],[Ndecode]] -> 85331.029 | AA89: =Table1[[#This Row],[tok(N)]]/Table1[[#This Row],[Kvcache]] -> 477803.17 | AB89: =Table1[[#This Row],[tok/req]]*Table1[[#This Row],[Run]] -> 69176.471 | AC89: =Table1[[#This Row],[tok(Run)]]/Table1[[#This Row],[Kvcache]] -> 387347.23 | AD89: =Table1[[#This Row],[tok/req]]*Table1[[#This Row],[MaxRun]] -> 136500 | AE89: =Table1[[#This Row],[tok(MaxRun)]]/Table1[[#This Row],[MaxKvcache]] -> 388578.84 | AF89: =Table1[[#This Row],[PPS]]*Table1[[#This Row],[Prefill]]/Table1[[#This Row],[In-Tok]] -> 0.37816627 | AG89: =Table1[[#This Row],[GPS]]*Table1[[#This Row],[ITL]] -> 15.893371 | AH89: =Table1[[#This Row],[Nprefill]]+Table1[[#This Row],[Ndecode]] -> 16.271537 | AI89: =Table1[[#This Row],[Run]]/Table1[[#This Row],[ITL]]/Table1[[#This Row],[GPS]] -> 0.82905449 | AJ89: =Table1[[#This Row],[Prefill]]+Table1[[#This Row],[ITL]] -> 0.16549452 | AK89: =Table1[[#This Row],[TTFT]]/Table1[[#This Row],[estTTFT]] -> 1.0633846 | AL89: =Table1[[#This Row],[In-Tok]]*Table1[[#This Row],[RPS]]/Table1[[#This Row],[PPS]] -> 0.80292224 | AM89: =Table1[[#This Row],[Prefill]]/Table1[[#This Row],[estPrefill]] -> 0.18908314 | AN89: =Table1[[#This Row],[Prefill]]/Table1[[#This Row],[TTFT]] -> 0.86268513 | AO89: =Table1[[#This Row],[Run]]/(Table1[[#This Row],[Out-Tok]]*Table1[[#This Row],[RPS]]) -> 0.013176471 | AP89: =Table1[[#This Row],[ITL]]/Table1[[#This Row],[estITL]] -> 1.0378702 | AQ89: =Table1[[#This Row],[E2E]]-Table1[[#This Row],[TTFT]]+Table1[[#This Row],[ITL]] -> 6.874452 | AR89: =Table1[[#This Row],[estDecode]]/Table1[[#This Row],[Run]] -> 0.5217218 | AS89: =Table1[[#This Row],[Prefill]]+Table1[[#This Row],[Out-Tok]]*Table1[[#This Row],[ITL]] -> 6.9895524 | AT89: =Table1[[#This Row],[estPrefill]]+Table1[[#This Row],[Out-Tok]]*Table1[[#This Row],[ITL]] -> 7.6406556 | AU89: =Table1[[#This Row],[E2E]]/Table1[[#This Row],[estE2E]] -> 0.92096297 | AV89: =Table1[[#This Row],[N]]/Table1[[#This Row],[estE2E]] -> 2.1295996 | AW89: =Table1[[#This Row],[PPS]]/Table1[[#This Row],[In-Tok]] -> 2.4909012 | AX89: =Table1[[#This Row],[RPS]]/Table1[[#This Row],[RPS(IL)]] -> 0.80292224 | AY89: =Table1[[#This Row],[GPS]]/Table1[[#This Row],[Out-Tok]] -> 2.3243625 | AZ89: =Table1[[#This Row],[RPS]]/Table1[[#This Row],[RPS(OL)]] -> 0.86045098 | BA89: =MaxTok/Table1[[#This Row],[tok/req]] -> 73.88805 | BB89: =Table1[[#This Row],[N]]/Table1[[#This Row],[N-max]] -> 0.22021879 | BC89: =Table1[[#This Row],[RPS]] -> 2 | BD89: =Table1[[#This Row],[PPS]]/Table1[[#This Row],[RPS success]] -> 6227.2531 | BE89: =ABS(Table1[[#This Row],[est-In-Tok3]]-Table1[[#This Row],[In-Tok]])/Table1[[#This Row],[In-Tok]] -> 0.24545062 | BF89: =Table1[[#This Row],[GPS]]/Table1[[#This Row],[RPS success]] -> 581.09063 | BG89: =ABS(Table1[[#This Row],[est-Out-Tok3]]-Table1[[#This Row],[Out-Tok]])/Table1[[#This Row],[Out-Tok]] -> 0.16218125 | BH89: =Table1[[#This Row],[est-In-Tok3]]+AvgOutLoad*Table1[[#This Row],[est-Out-Tok3]] -> 6517.7984 | BI89: =ABS(Table1[[#This Row],[est-Tok/Req3]]-Table1[[#This Row],[tok/req]])/Table1[[#This Row],[tok/req]] -> 0.24148542 | BJ89: =MaxTok/Table1[[#This Row],[est-Tok/Req3]] -> 59.515842 | BK89: =ABS(Table1[[#This Row],[est-N-max3]]-Table1[[#This Row],[N-max]])/Table1[[#This Row],[N-max]] -> 0.19451329 | BL89: =MaxTok*Table1[[#This Row],[Kvcache]]/Table1[[#This Row],[Run]] -> 5257.6584 | BM89: =ABS(Table1[[#This Row],[est-Tok/Req]]-Table1[[#This Row],[tok/req]])/Table1[[#This Row],[tok/req]] -> 0.0014587336 | BN89: =MaxTok/Table1[[#This Row],[est-Tok/Req]] -> 73.780424 | BO89: =Table1[[#This Row],[Run]]/Table1[[#This Row],[Kvcache]] -> 73.780424 | BP89: {=_xlfn.CEILING.MATH(INDIRECT("Table1"&BP$3)/BP$2)*BP$2} -> 6000 | BQ89: {=_xlfn.CEILING.MATH(INDIRECT("Table1"&BQ$3)/BQ$2)*BQ$2} -> 0.015 | BR89: {=_xlfn.CEILING.MATH(INDIRECT("Table1"&BR$3)/BR$2)*BR$2} -> 0.2 | BS89: {=_xlfn.CEILING.MATH(INDIRECT("Table1"&BS$3)/BS$2)*BS$2} -> 0.18 | BT89: {=_xlfn.CEILING.MATH(INDIRECT("Table1"&BT$3)/BT$2)*BT$2} -> 14 | BU89: {=_xlfn.CEILING.MATH(INDIRECT("Table1"&BU$3)/BU$2)*BU$2} -> 10 | BV89: {=_xlfn.CEILING.MATH(INDIRECT("Table1"&BV$3)/BV$2)*BV$2} -> 5000 | BY89: 0.35128006 | CQ89: =Table1[[#This Row],[In-Tok]]+AvgOutLoad*Table1[[#This Row],[Out-Tok]] -> 5250
A90: 5000 | B90: 500 | C90: 2.2 | D90: =Table1[[#This Row],[Kvcache]] -> 0.23920276 | E90: 5K,500 | F90: 46092 | H90: 0.20305259 | I90: 0.16800687 | J90: 0.91278575 | K90: 1.5166965 | L90: 1.855468 | M90: 0.015582202 | N90: 7.9715277 | O90: 14155.45 | P90: 1320.2125 | Q90: 17.647059 | R90: 32 | S90: 0.23920276 | T90: 0.43134213 | U90: =(Table1[[#This Row],[In-Tok]]+Table1[[#This Row],[Out-Tok]])*Table1[[#This Row],[RPS]] -> 12100 | V90: =Table1[[#This Row],[In-Tok]]+AvgOutLoad*Table1[[#This Row],[Out-Tok]] -> 5250 | W90: =Table1[[#This Row],[In-Tok]]*Table1[[#This Row],[RPS]] -> 11000 | X90: =Table1[[#This Row],[Out-Tok]]*Table1[[#This Row],[RPS]] -> 1100 | Y90: =Table1[[#This Row],[In-Tok]]/Table1[[#This Row],[Out-Tok]] -> 10 | Z90: =Table1[[#This Row],[In-Tok]]*Table1[[#This Row],[N]]+AvgOutLoad*Table1[[#This Row],[Out-Tok]]*Table1[[#This Row],[Ndecode]] -> 110380.26 | AA90: =Table1[[#This Row],[tok(N)]]/Table1[[#This Row],[Kvcache]] -> 461450.6 | AB90: =Table1[[#This Row],[tok/req]]*Table1[[#This Row],[Run]] -> 92647.059 | AC90: =Table1[[#This Row],[tok(Run)]]/Table1[[#This Row],[Kvcache]] -> 387316.02 | AD90: =Table1[[#This Row],[tok/req]]*Table1[[#This Row],[MaxRun]] -> 168000 | AE90: =Table1[[#This Row],[tok(MaxRun)]]/Table1[[#This Row],[MaxKvcache]] -> 389482.01 | AF90: =Table1[[#This Row],[PPS]]*Table1[[#This Row],[Prefill]]/Table1[[#This Row],[In-Tok]] -> 0.47564256 | AG90: =Table1[[#This Row],[GPS]]*Table1[[#This Row],[ITL]] -> 20.571818 | AH90: =Table1[[#This Row],[Nprefill]]+Table1[[#This Row],[Ndecode]] -> 21.04746 | AI90: =Table1[[#This Row],[Run]]/Table1[[#This Row],[ITL]]/Table1[[#This Row],[GPS]] -> 0.85782691 | AJ90: =Table1[[#This Row],[Prefill]]+Table1[[#This Row],[ITL]] -> 0.18358907 | AK90: =Table1[[#This Row],[TTFT]]/Table1[[#This Row],[estTTFT]] -> 1.1060168 | AL90: =Table1[[#This Row],[In-Tok]]*Table1[[#This Row],[RPS]]/Table1[[#This Row],[PPS]] -> 0.77708586 | AM90: =Table1[[#This Row],[Prefill]]/Table1[[#This Row],[estPrefill]] -> 0.21620117 | AN90: =Table1[[#This Row],[Prefill]]/Table1[[#This Row],[TTFT]] -> 0.8274057 | AO90: =Table1[[#This Row],[Run]]/(Table1[[#This Row],[Out-Tok]]*Table1[[#This Row],[RPS]]) -> 0.016042781 | AP90: =Table1[[#This Row],[ITL]]/Table1[[#This Row],[estITL]] -> 0.97129059 | AQ90: =Table1[[#This Row],[E2E]]-Table1[[#This Row],[TTFT]]+Table1[[#This Row],[ITL]] -> 7.7840573 | AR90: =Table1[[#This Row],[estDecode]]/Table1[[#This Row],[Run]] -> 0.44109658 | AS90: =Table1[[#This Row],[Prefill]]+Table1[[#This Row],[Out-Tok]]*Table1[[#This Row],[ITL]] -> 7.9591078 | AT90: =Table1[[#This Row],[estPrefill]]+Table1[[#This Row],[Out-Tok]]*Table1[[#This Row],[ITL]] -> 8.5681868 | AU90: =Table1[[#This Row],[E2E]]/Table1[[#This Row],[estE2E]] -> 0.93036344 | AV90: =Table1[[#This Row],[N]]/Table1[[#This Row],[estE2E]] -> 2.4564661 | AW90: =Table1[[#This Row],[PPS]]/Table1[[#This Row],[In-Tok]] -> 2.83109 | AX90: =Table1[[#This Row],[RPS]]/Table1[[#This Row],[RPS(IL)]] -> 0.77708586 | AY90: =Table1[[#This Row],[GPS]]/Table1[[#This Row],[Out-Tok]] -> 2.640425 | AZ90: =Table1[[#This Row],[RPS]]/Table1[[#This Row],[RPS(OL)]] -> 0.8331992 | BA90: =MaxTok/Table1[[#This Row],[tok/req]] -> 73.88805 | BB90: =Table1[[#This Row],[N]]/Table1[[#This Row],[N-max]] -> 0.28485608 | BC90: =Table1[[#This Row],[RPS]] -> 2.2 | BD90: =Table1[[#This Row],[PPS]]/Table1[[#This Row],[RPS success]] -> 6434.2955 | BE90: =ABS(Table1[[#This Row],[est-In-Tok3]]-Table1[[#This Row],[In-Tok]])/Table1[[#This Row],[In-Tok]] -> 0.28685909 | BF90: =Table1[[#This Row],[GPS]]/Table1[[#This Row],[RPS success]] -> 600.09659 | BG90: =ABS(Table1[[#This Row],[est-Out-Tok3]]-Table1[[#This Row],[Out-Tok]])/Table1[[#This Row],[Out-Tok]] -> 0.20019318 | BH90: =Table1[[#This Row],[est-In-Tok3]]+AvgOutLoad*Table1[[#This Row],[est-Out-Tok3]] -> 6734.3437 | BI90: =ABS(Table1[[#This Row],[est-Tok/Req3]]-Table1[[#This Row],[tok/req]])/Table1[[#This Row],[tok/req]] -> 0.28273214 | BJ90: =MaxTok/Table1[[#This Row],[est-Tok/Req3]] -> 57.602088 | BK90: =ABS(Table1[[#This Row],[est-N-max3]]-Table1[[#This Row],[N-max]])/Table1[[#This Row],[N-max]] -> 0.22041402 | BL90: =MaxTok*Table1[[#This Row],[Kvcache]]/Table1[[#This Row],[Run]] -> 5258.082 | BM90: =ABS(Table1[[#This Row],[est-Tok/Req]]-Table1[[#This Row],[tok/req]])/Table1[[#This Row],[tok/req]] -> 0.0015394279 | BN90: =MaxTok/Table1[[#This Row],[est-Tok/Req]] -> 73.774479 | BO90: =Table1[[#This Row],[Run]]/Table1[[#This Row],[Kvcache]] -> 73.774479 | BP90: {=_xlfn.CEILING.MATH(INDIRECT("Table1"&BP$3)/BP$2)*BP$2} -> 6000 | BQ90: {=_xlfn.CEILING.MATH(INDIRECT("Table1"&BQ$3)/BQ$2)*BQ$2} -> 0.02 | BR90: {=_xlfn.CEILING.MATH(INDIRECT("Table1"&BR$3)/BR$2)*BR$2} -> 0.3 | BS90: {=_xlfn.CEILING.MATH(INDIRECT("Table1"&BS$3)/BS$2)*BS$2} -> 0.24 | BT90: {=_xlfn.CEILING.MATH(INDIRECT("Table1"&BT$3)/BT$2)*BT$2} -> 18 | BU90: {=_xlfn.CEILING.MATH(INDIRECT("Table1"&BU$3)/BU$2)*BU$2} -> 10 | BV90: {=_xlfn.CEILING.MATH(INDIRECT("Table1"&BV$3)/BV$2)*BV$2} -> 5000 | BY90: 0.43134213 | CQ90: =Table1[[#This Row],[In-Tok]]+AvgOutLoad*Table1[[#This Row],[Out-Tok]] -> 5250
A91: 5000 | B91: 500 | C91: 2.4 | D91: =Table1[[#This Row],[Kvcache]] -> 0.21336193 | E91: 5K,500 | F91: 46092 | H91: 0.19155025 | I91: 0.1620839 | J91: 0.87404989 | K91: 1.6647071 | L91: 2.3346003 | M91: 0.014772788 | N91: 7.5513373 | O91: 13888.606 | P91: 1296.2188 | Q91: 15.764706 | R91: 30 | S91: 0.21336193 | T91: 0.40461598 | U91: =(Table1[[#This Row],[In-Tok]]+Table1[[#This Row],[Out-Tok]])*Table1[[#This Row],[RPS]] -> 13200 | V91: =Table1[[#This Row],[In-Tok]]+AvgOutLoad*Table1[[#This Row],[Out-Tok]] -> 5250 | W91: =Table1[[#This Row],[In-Tok]]*Table1[[#This Row],[RPS]] -> 12000 | X91: =Table1[[#This Row],[Out-Tok]]*Table1[[#This Row],[RPS]] -> 1200 | Y91: =Table1[[#This Row],[In-Tok]]/Table1[[#This Row],[Out-Tok]] -> 10 | Z91: =Table1[[#This Row],[In-Tok]]*Table1[[#This Row],[N]]+AvgOutLoad*Table1[[#This Row],[Out-Tok]]*Table1[[#This Row],[Ndecode]] -> 102782.13 | AA91: =Table1[[#This Row],[tok(N)]]/Table1[[#This Row],[Kvcache]] -> 481726.68 | AB91: =Table1[[#This Row],[tok/req]]*Table1[[#This Row],[Run]] -> 82764.706 | AC91: =Table1[[#This Row],[tok(Run)]]/Table1[[#This Row],[Kvcache]] -> 387907.56 | AD91: =Table1[[#This Row],[tok/req]]*Table1[[#This Row],[MaxRun]] -> 157500 | AE91: =Table1[[#This Row],[tok(MaxRun)]]/Table1[[#This Row],[MaxKvcache]] -> 389257.98 | AF91: =Table1[[#This Row],[PPS]]*Table1[[#This Row],[Prefill]]/Table1[[#This Row],[In-Tok]] -> 0.4502239 | AG91: =Table1[[#This Row],[GPS]]*Table1[[#This Row],[ITL]] -> 19.148765 | AH91: =Table1[[#This Row],[Nprefill]]+Table1[[#This Row],[Ndecode]] -> 19.598989 | AI91: =Table1[[#This Row],[Run]]/Table1[[#This Row],[ITL]]/Table1[[#This Row],[GPS]] -> 0.82327534 | AJ91: =Table1[[#This Row],[Prefill]]+Table1[[#This Row],[ITL]] -> 0.17685669 | AK91: =Table1[[#This Row],[TTFT]]/Table1[[#This Row],[estTTFT]] -> 1.0830817 | AL91: =Table1[[#This Row],[In-Tok]]*Table1[[#This Row],[RPS]]/Table1[[#This Row],[PPS]] -> 0.86401758 | AM91: =Table1[[#This Row],[Prefill]]/Table1[[#This Row],[estPrefill]] -> 0.18759329 | AN91: =Table1[[#This Row],[Prefill]]/Table1[[#This Row],[TTFT]] -> 0.8461691 | AO91: =Table1[[#This Row],[Run]]/(Table1[[#This Row],[Out-Tok]]*Table1[[#This Row],[RPS]]) -> 0.013137255 | AP91: =Table1[[#This Row],[ITL]]/Table1[[#This Row],[estITL]] -> 1.1244958 | AQ91: =Table1[[#This Row],[E2E]]-Table1[[#This Row],[TTFT]]+Table1[[#This Row],[ITL]] -> 7.3745599 | AR91: =Table1[[#This Row],[estDecode]]/Table1[[#This Row],[Run]] -> 0.46778925 | AS91: =Table1[[#This Row],[Prefill]]+Table1[[#This Row],[Out-Tok]]*Table1[[#This Row],[ITL]] -> 7.5484779 | AT91: =Table1[[#This Row],[estPrefill]]+Table1[[#This Row],[Out-Tok]]*Table1[[#This Row],[ITL]] -> 8.2504116 | AU91: =Table1[[#This Row],[E2E]]/Table1[[#This Row],[estE2E]] -> 0.91526795 | AV91: =Table1[[#This Row],[N]]/Table1[[#This Row],[estE2E]] -> 2.3755165 | AW91: =Table1[[#This Row],[PPS]]/Table1[[#This Row],[In-Tok]] -> 2.7777213 | AX91: =Table1[[#This Row],[RPS]]/Table1[[#This Row],[RPS(IL)]] -> 0.86401758 | AY91: =Table1[[#This Row],[GPS]]/Table1[[#This Row],[Out-Tok]] -> 2.5924375 | AZ91: =Table1[[#This Row],[RPS]]/Table1[[#This Row],[RPS(OL)]] -> 0.92576967 | BA91: =MaxTok/Table1[[#This Row],[tok/req]] -> 73.88805 | BB91: =Table1[[#This Row],[N]]/Table1[[#This Row],[N-max]] -> 0.26525248 | BC91: =Table1[[#This Row],[RPS]] -> 2.4 | BD91: =Table1[[#This Row],[PPS]]/Table1[[#This Row],[RPS success]] -> 5786.9193 | BE91: =ABS(Table1[[#This Row],[est-In-Tok3]]-Table1[[#This Row],[In-Tok]])/Table1[[#This Row],[In-Tok]] -> 0.15738385 | BF91: =Table1[[#This Row],[GPS]]/Table1[[#This Row],[RPS success]] -> 540.09115 | BG91: =ABS(Table1[[#This Row],[est-Out-Tok3]]-Table1[[#This Row],[Out-Tok]])/Table1[[#This Row],[Out-Tok]] -> 0.080182292 | BH91: =Table1[[#This Row],[est-In-Tok3]]+AvgOutLoad*Table1[[#This Row],[est-Out-Tok3]] -> 6056.9648 | BI91: =ABS(Table1[[#This Row],[est-Tok/Req3]]-Table1[[#This Row],[tok/req]])/Table1[[#This Row],[tok/req]] -> 0.15370759 | BJ91: =MaxTok/Table1[[#This Row],[est-Tok/Req3]] -> 64.044001 | BK91: =ABS(Table1[[#This Row],[est-N-max3]]-Table1[[#This Row],[N-max]])/Table1[[#This Row],[N-max]] -> 0.13322924 | BL91: =MaxTok*Table1[[#This Row],[Kvcache]]/Table1[[#This Row],[Run]] -> 5250.0637 | BM91: =ABS(Table1[[#This Row],[est-Tok/Req]]-Table1[[#This Row],[tok/req]])/Table1[[#This Row],[tok/req]] -> 1.2124747e-05 | BN91: =MaxTok/Table1[[#This Row],[est-Tok/Req]] -> 73.887154 | BO91: =Table1[[#This Row],[Run]]/Table1[[#This Row],[Kvcache]] -> 73.887154 | BP91: {=_xlfn.CEILING.MATH(INDIRECT("Table1"&BP$3)/BP$2)*BP$2} -> 6000 | BQ91: {=_xlfn.CEILING.MATH(INDIRECT("Table1"&BQ$3)/BQ$2)*BQ$2} -> 0.015 | BR91: {=_xlfn.CEILING.MATH(INDIRECT("Table1"&BR$3)/BR$2)*BR$2} -> 0.3 | BS91: {=_xlfn.CEILING.MATH(INDIRECT("Table1"&BS$3)/BS$2)*BS$2} -> 0.22 | BT91: {=_xlfn.CEILING.MATH(INDIRECT("Table1"&BT$3)/BT$2)*BT$2} -> 16 | BU91: {=_xlfn.CEILING.MATH(INDIRECT("Table1"&BU$3)/BU$2)*BU$2} -> 10 | BV91: {=_xlfn.CEILING.MATH(INDIRECT("Table1"&BV$3)/BV$2)*BV$2} -> 5000 | BY91: 0.40461598 | CQ91: =Table1[[#This Row],[In-Tok]]+AvgOutLoad*Table1[[#This Row],[Out-Tok]] -> 5250
A92: 5000 | B92: 500 | C92: 2.6 | D92: =Table1[[#This Row],[Kvcache]] -> 0.26573096 | E92: 5K,500 | F92: 46092 | H92: 0.22424565 | I92: 0.1847855 | J92: 1.0842929 | K92: 3.4313483 | L92: 4.165485 | M92: 0.017040465 | N92: 8.7966475 | O92: 15640.955 | P92: 1447.4588 | Q92: 19.601103 | R92: 34 | S92: 0.26573096 | T92: 0.46307215 | U92: =(Table1[[#This Row],[In-Tok]]+Table1[[#This Row],[Out-Tok]])*Table1[[#This Row],[RPS]] -> 14300 | V92: =Table1[[#This Row],[In-Tok]]+AvgOutLoad*Table1[[#This Row],[Out-Tok]] -> 5250 | W92: =Table1[[#This Row],[In-Tok]]*Table1[[#This Row],[RPS]] -> 13000 | X92: =Table1[[#This Row],[Out-Tok]]*Table1[[#This Row],[RPS]] -> 1300 | Y92: =Table1[[#This Row],[In-Tok]]/Table1[[#This Row],[Out-Tok]] -> 10 | Z92: =Table1[[#This Row],[In-Tok]]*Table1[[#This Row],[N]]+AvgOutLoad*Table1[[#This Row],[Out-Tok]]*Table1[[#This Row],[Ndecode]] -> 132383.41 | AA92: =Table1[[#This Row],[tok(N)]]/Table1[[#This Row],[Kvcache]] -> 498185.89 | AB92: =Table1[[#This Row],[tok/req]]*Table1[[#This Row],[Run]] -> 102905.79 | AC92: =Table1[[#This Row],[tok(Run)]]/Table1[[#This Row],[Kvcache]] -> 387255.56 | AD92: =Table1[[#This Row],[tok/req]]*Table1[[#This Row],[MaxRun]] -> 178500 | AE92: =Table1[[#This Row],[tok(MaxRun)]]/Table1[[#This Row],[MaxKvcache]] -> 385469.09 | AF92: =Table1[[#This Row],[PPS]]*Table1[[#This Row],[Prefill]]/Table1[[#This Row],[In-Tok]] -> 0.57804434 | AG92: =Table1[[#This Row],[GPS]]*Table1[[#This Row],[ITL]] -> 24.66537 | AH92: =Table1[[#This Row],[Nprefill]]+Table1[[#This Row],[Ndecode]] -> 25.243414 | AI92: =Table1[[#This Row],[Run]]/Table1[[#This Row],[ITL]]/Table1[[#This Row],[GPS]] -> 0.79468108 | AJ92: =Table1[[#This Row],[Prefill]]+Table1[[#This Row],[ITL]] -> 0.20182597 | AK92: =Table1[[#This Row],[TTFT]]/Table1[[#This Row],[estTTFT]] -> 1.1110842 | AL92: =Table1[[#This Row],[In-Tok]]*Table1[[#This Row],[RPS]]/Table1[[#This Row],[PPS]] -> 0.83115129 | AM92: =Table1[[#This Row],[Prefill]]/Table1[[#This Row],[estPrefill]] -> 0.22232475 | AN92: =Table1[[#This Row],[Prefill]]/Table1[[#This Row],[TTFT]] -> 0.8240316 | AO92: =Table1[[#This Row],[Run]]/(Table1[[#This Row],[Out-Tok]]*Table1[[#This Row],[RPS]]) -> 0.015077771 | AP92: =Table1[[#This Row],[ITL]]/Table1[[#This Row],[estITL]] -> 1.1301713 | AQ92: =Table1[[#This Row],[E2E]]-Table1[[#This Row],[TTFT]]+Table1[[#This Row],[ITL]] -> 8.5894424 | AR92: =Table1[[#This Row],[estDecode]]/Table1[[#This Row],[Run]] -> 0.4382122 | AS92: =Table1[[#This Row],[Prefill]]+Table1[[#This Row],[Out-Tok]]*Table1[[#This Row],[ITL]] -> 8.705018 | AT92: =Table1[[#This Row],[estPrefill]]+Table1[[#This Row],[Out-Tok]]*Table1[[#This Row],[ITL]] -> 9.3513837 | AU92: =Table1[[#This Row],[E2E]]/Table1[[#This Row],[estE2E]] -> 0.9406787 | AV92: =Table1[[#This Row],[N]]/Table1[[#This Row],[estE2E]] -> 2.6994309 | AW92: =Table1[[#This Row],[PPS]]/Table1[[#This Row],[In-Tok]] -> 3.128191 | AX92: =Table1[[#This Row],[RPS]]/Table1[[#This Row],[RPS(IL)]] -> 0.83115129 | AY92: =Table1[[#This Row],[GPS]]/Table1[[#This Row],[Out-Tok]] -> 2.8949175 | AZ92: =Table1[[#This Row],[RPS]]/Table1[[#This Row],[RPS(OL)]] -> 0.89812577 | BA92: =MaxTok/Table1[[#This Row],[tok/req]] -> 73.88805 | BB92: =Table1[[#This Row],[N]]/Table1[[#This Row],[N-max]] -> 0.34164407 | BC92: =Table1[[#This Row],[RPS]] -> 2.6 | BD92: =Table1[[#This Row],[PPS]]/Table1[[#This Row],[RPS success]] -> 6015.7519 | BE92: =ABS(Table1[[#This Row],[est-In-Tok3]]-Table1[[#This Row],[In-Tok]])/Table1[[#This Row],[In-Tok]] -> 0.20315038 | BF92: =Table1[[#This Row],[GPS]]/Table1[[#This Row],[RPS success]] -> 556.7149 | BG92: =ABS(Table1[[#This Row],[est-Out-Tok3]]-Table1[[#This Row],[Out-Tok]])/Table1[[#This Row],[Out-Tok]] -> 0.11342981 | BH92: =Table1[[#This Row],[est-In-Tok3]]+AvgOutLoad*Table1[[#This Row],[est-Out-Tok3]] -> 6294.1094 | BI92: =ABS(Table1[[#This Row],[est-Tok/Req3]]-Table1[[#This Row],[tok/req]])/Table1[[#This Row],[tok/req]] -> 0.19887798 | BJ92: =MaxTok/Table1[[#This Row],[est-Tok/Req3]] -> 61.631001 | BK92: =ABS(Table1[[#This Row],[est-N-max3]]-Table1[[#This Row],[N-max]])/Table1[[#This Row],[N-max]] -> 0.16588675 | BL92: =MaxTok*Table1[[#This Row],[Kvcache]]/Table1[[#This Row],[Run]] -> 5258.9029 | BM92: =ABS(Table1[[#This Row],[est-Tok/Req]]-Table1[[#This Row],[tok/req]])/Table1[[#This Row],[tok/req]] -> 0.0016957925 | BN92: =MaxTok/Table1[[#This Row],[est-Tok/Req]] -> 73.762963 | BO92: =Table1[[#This Row],[Run]]/Table1[[#This Row],[Kvcache]] -> 73.762963 | BP92: {=_xlfn.CEILING.MATH(INDIRECT("Table1"&BP$3)/BP$2)*BP$2} -> 6000 | BQ92: {=_xlfn.CEILING.MATH(INDIRECT("Table1"&BQ$3)/BQ$2)*BQ$2} -> 0.02 | BR92: {=_xlfn.CEILING.MATH(INDIRECT("Table1"&BR$3)/BR$2)*BR$2} -> 0.3 | BS92: {=_xlfn.CEILING.MATH(INDIRECT("Table1"&BS$3)/BS$2)*BS$2} -> 0.27 | BT92: {=_xlfn.CEILING.MATH(INDIRECT("Table1"&BT$3)/BT$2)*BT$2} -> 20 | BU92: {=_xlfn.CEILING.MATH(INDIRECT("Table1"&BU$3)/BU$2)*BU$2} -> 10 | BV92: {=_xlfn.CEILING.MATH(INDIRECT("Table1"&BV$3)/BV$2)*BV$2} -> 5000 | BY92: 0.46307215 | CQ92: =Table1[[#This Row],[In-Tok]]+AvgOutLoad*Table1[[#This Row],[Out-Tok]] -> 5250
A93: 5000 | B93: 500 | C93: 2.8 | D93: =Table1[[#This Row],[Kvcache]] -> 0.30950321 | E93: 5K,500 | F93: 46092 | H93: 0.21542263 | I93: 0.17878857 | J93: 1.0393779 | K93: 1.9823091 | L93: 3.7103665 | M93: 0.017937609 | N93: 9.1354417 | O93: 16450.196 | P93: 1498.2667 | Q93: 22.841912 | R93: 36.5 | S93: 0.30950321 | T93: 0.49476338 | U93: =(Table1[[#This Row],[In-Tok]]+Table1[[#This Row],[Out-Tok]])*Table1[[#This Row],[RPS]] -> 15400 | V93: =Table1[[#This Row],[In-Tok]]+AvgOutLoad*Table1[[#This Row],[Out-Tok]] -> 5250 | W93: =Table1[[#This Row],[In-Tok]]*Table1[[#This Row],[RPS]] -> 14000 | X93: =Table1[[#This Row],[Out-Tok]]*Table1[[#This Row],[RPS]] -> 1400 | Y93: =Table1[[#This Row],[In-Tok]]/Table1[[#This Row],[Out-Tok]] -> 10 | Z93: =Table1[[#This Row],[In-Tok]]*Table1[[#This Row],[N]]+AvgOutLoad*Table1[[#This Row],[Out-Tok]]*Table1[[#This Row],[Ndecode]] -> 144036.55 | AA93: =Table1[[#This Row],[tok(N)]]/Table1[[#This Row],[Kvcache]] -> 465379.83 | AB93: =Table1[[#This Row],[tok/req]]*Table1[[#This Row],[Run]] -> 119920.04 | AC93: =Table1[[#This Row],[tok(Run)]]/Table1[[#This Row],[Kvcache]] -> 387459.76 | AD93: =Table1[[#This Row],[tok/req]]*Table1[[#This Row],[MaxRun]] -> 191625 | AE93: =Table1[[#This Row],[tok(MaxRun)]]/Table1[[#This Row],[MaxKvcache]] -> 387306.35 | AF93: =Table1[[#This Row],[PPS]]*Table1[[#This Row],[Prefill]]/Table1[[#This Row],[In-Tok]] -> 0.58822139 | AG93: =Table1[[#This Row],[GPS]]*Table1[[#This Row],[ITL]] -> 26.875322 | AH93: =Table1[[#This Row],[Nprefill]]+Table1[[#This Row],[Ndecode]] -> 27.463544 | AI93: =Table1[[#This Row],[Run]]/Table1[[#This Row],[ITL]]/Table1[[#This Row],[GPS]] -> 0.84992141 | AJ93: =Table1[[#This Row],[Prefill]]+Table1[[#This Row],[ITL]] -> 0.19672618 | AK93: =Table1[[#This Row],[TTFT]]/Table1[[#This Row],[estTTFT]] -> 1.095038 | AL93: =Table1[[#This Row],[In-Tok]]*Table1[[#This Row],[RPS]]/Table1[[#This Row],[PPS]] -> 0.8510537 | AM93: =Table1[[#This Row],[Prefill]]/Table1[[#This Row],[estPrefill]] -> 0.21007907 | AN93: =Table1[[#This Row],[Prefill]]/Table1[[#This Row],[TTFT]] -> 0.82994327 | AO93: =Table1[[#This Row],[Run]]/(Table1[[#This Row],[Out-Tok]]*Table1[[#This Row],[RPS]]) -> 0.016315651 | AP93: =Table1[[#This Row],[ITL]]/Table1[[#This Row],[estITL]] -> 1.0994112 | AQ93: =Table1[[#This Row],[E2E]]-Table1[[#This Row],[TTFT]]+Table1[[#This Row],[ITL]] -> 8.9379567 | AR93: =Table1[[#This Row],[estDecode]]/Table1[[#This Row],[Run]] -> 0.39129635 | AS93: =Table1[[#This Row],[Prefill]]+Table1[[#This Row],[Out-Tok]]*Table1[[#This Row],[ITL]] -> 9.1475933 | AT93: =Table1[[#This Row],[estPrefill]]+Table1[[#This Row],[Out-Tok]]*Table1[[#This Row],[ITL]] -> 9.8198584 | AU93: =Table1[[#This Row],[E2E]]/Table1[[#This Row],[estE2E]] -> 0.93030279 | AV93: =Table1[[#This Row],[N]]/Table1[[#This Row],[estE2E]] -> 2.7967352 | AW93: =Table1[[#This Row],[PPS]]/Table1[[#This Row],[In-Tok]] -> 3.2900392 | AX93: =Table1[[#This Row],[RPS]]/Table1[[#This Row],[RPS(IL)]] -> 0.8510537 | AY93: =Table1[[#This Row],[GPS]]/Table1[[#This Row],[Out-Tok]] -> 2.9965333 | AZ93: =Table1[[#This Row],[RPS]]/Table1[[#This Row],[RPS(OL)]] -> 0.9344131 | BA93: =MaxTok/Table1[[#This Row],[tok/req]] -> 73.88805 | BB93: =Table1[[#This Row],[N]]/Table1[[#This Row],[N-max]] -> 0.37169128 | BC93: =Table1[[#This Row],[RPS]] -> 2.8 | BD93: =Table1[[#This Row],[PPS]]/Table1[[#This Row],[RPS success]] -> 5875.0699 | BE93: =ABS(Table1[[#This Row],[est-In-Tok3]]-Table1[[#This Row],[In-Tok]])/Table1[[#This Row],[In-Tok]] -> 0.17501399 | BF93: =Table1[[#This Row],[GPS]]/Table1[[#This Row],[RPS success]] -> 535.09524 | BG93: =ABS(Table1[[#This Row],[est-Out-Tok3]]-Table1[[#This Row],[Out-Tok]])/Table1[[#This Row],[Out-Tok]] -> 0.070190476 | BH93: =Table1[[#This Row],[est-In-Tok3]]+AvgOutLoad*Table1[[#This Row],[est-Out-Tok3]] -> 6142.6176 | BI93: =ABS(Table1[[#This Row],[est-Tok/Req3]]-Table1[[#This Row],[tok/req]])/Table1[[#This Row],[tok/req]] -> 0.17002239 | BJ93: =MaxTok/Table1[[#This Row],[est-Tok/Req3]] -> 63.150971 | BK93: =ABS(Table1[[#This Row],[est-N-max3]]-Table1[[#This Row],[N-max]])/Table1[[#This Row],[N-max]] -> 0.1453155 | BL93: =MaxTok*Table1[[#This Row],[Kvcache]]/Table1[[#This Row],[Run]] -> 5256.1314 | BM93: =ABS(Table1[[#This Row],[est-Tok/Req]]-Table1[[#This Row],[tok/req]])/Table1[[#This Row],[tok/req]] -> 0.0011678775 | BN93: =MaxTok/Table1[[#This Row],[est-Tok/Req]] -> 73.801858 | BO93: =Table1[[#This Row],[Run]]/Table1[[#This Row],[Kvcache]] -> 73.801858 | BP93: {=_xlfn.CEILING.MATH(INDIRECT("Table1"&BP$3)/BP$2)*BP$2} -> 6000 | BQ93: {=_xlfn.CEILING.MATH(INDIRECT("Table1"&BQ$3)/BQ$2)*BQ$2} -> 0.02 | BR93: {=_xlfn.CEILING.MATH(INDIRECT("Table1"&BR$3)/BR$2)*BR$2} -> 0.4 | BS93: {=_xlfn.CEILING.MATH(INDIRECT("Table1"&BS$3)/BS$2)*BS$2} -> 0.31 | BT93: {=_xlfn.CEILING.MATH(INDIRECT("Table1"&BT$3)/BT$2)*BT$2} -> 23 | BU93: {=_xlfn.CEILING.MATH(INDIRECT("Table1"&BU$3)/BU$2)*BU$2} -> 10 | BV93: {=_xlfn.CEILING.MATH(INDIRECT("Table1"&BV$3)/BV$2)*BV$2} -> 5000 | BY93: 0.49476338 | CQ93: =Table1[[#This Row],[In-Tok]]+AvgOutLoad*Table1[[#This Row],[Out-Tok]] -> 5250
A94: 5000 | B94: 500 | C94: 3 | D94: =Table1[[#This Row],[Kvcache]] -> 0.33898827 | E94: 5K,500 | F94: 46092 | H94: 0.22765649 | I94: 0.18453547 | J94: 0.98965068 | K94: 1.9092706 | L94: 2.273253 | M94: 0.019511345 | N94: 9.9724383 | O94: 17020.169 | P94: 1586.1437 | Q94: 25.029412 | R94: 41.5 | S94: 0.33898827 | T94: 0.56559348 | U94: =(Table1[[#This Row],[In-Tok]]+Table1[[#This Row],[Out-Tok]])*Table1[[#This Row],[RPS]] -> 16500 | V94: =Table1[[#This Row],[In-Tok]]+AvgOutLoad*Table1[[#This Row],[Out-Tok]] -> 5250 | W94: =Table1[[#This Row],[In-Tok]]*Table1[[#This Row],[RPS]] -> 15000 | X94: =Table1[[#This Row],[Out-Tok]]*Table1[[#This Row],[RPS]] -> 1500 | Y94: =Table1[[#This Row],[In-Tok]]/Table1[[#This Row],[Out-Tok]] -> 10 | Z94: =Table1[[#This Row],[In-Tok]]*Table1[[#This Row],[N]]+AvgOutLoad*Table1[[#This Row],[Out-Tok]]*Table1[[#This Row],[Ndecode]] -> 165616.77 | AA94: =Table1[[#This Row],[tok(N)]]/Table1[[#This Row],[Kvcache]] -> 488561.94 | AB94: =Table1[[#This Row],[tok/req]]*Table1[[#This Row],[Run]] -> 131404.41 | AC94: =Table1[[#This Row],[tok(Run)]]/Table1[[#This Row],[Kvcache]] -> 387637.04 | AD94: =Table1[[#This Row],[tok/req]]*Table1[[#This Row],[MaxRun]] -> 217875 | AE94: =Table1[[#This Row],[tok(MaxRun)]]/Table1[[#This Row],[MaxKvcache]] -> 385214.83 | AF94: =Table1[[#This Row],[PPS]]*Table1[[#This Row],[Prefill]]/Table1[[#This Row],[In-Tok]] -> 0.62816498 | AG94: =Table1[[#This Row],[GPS]]*Table1[[#This Row],[ITL]] -> 30.947799 | AH94: =Table1[[#This Row],[Nprefill]]+Table1[[#This Row],[Ndecode]] -> 31.575964 | AI94: =Table1[[#This Row],[Run]]/Table1[[#This Row],[ITL]]/Table1[[#This Row],[GPS]] -> 0.80876227 | AJ94: =Table1[[#This Row],[Prefill]]+Table1[[#This Row],[ITL]] -> 0.20404682 | AK94: =Table1[[#This Row],[TTFT]]/Table1[[#This Row],[estTTFT]] -> 1.1157071 | AL94: =Table1[[#This Row],[In-Tok]]*Table1[[#This Row],[RPS]]/Table1[[#This Row],[PPS]] -> 0.88130736 | AM94: =Table1[[#This Row],[Prefill]]/Table1[[#This Row],[estPrefill]] -> 0.20938833 | AN94: =Table1[[#This Row],[Prefill]]/Table1[[#This Row],[TTFT]] -> 0.81058735 | AO94: =Table1[[#This Row],[Run]]/(Table1[[#This Row],[Out-Tok]]*Table1[[#This Row],[RPS]]) -> 0.016686275 | AP94: =Table1[[#This Row],[ITL]]/Table1[[#This Row],[estITL]] -> 1.1693051 | AQ94: =Table1[[#This Row],[E2E]]-Table1[[#This Row],[TTFT]]+Table1[[#This Row],[ITL]] -> 9.7642931 | AR94: =Table1[[#This Row],[estDecode]]/Table1[[#This Row],[Run]] -> 0.39011277 | AS94: =Table1[[#This Row],[Prefill]]+Table1[[#This Row],[Out-Tok]]*Table1[[#This Row],[ITL]] -> 9.9402082 | AT94: =Table1[[#This Row],[estPrefill]]+Table1[[#This Row],[Out-Tok]]*Table1[[#This Row],[ITL]] -> 10.63698 | AU94: =Table1[[#This Row],[E2E]]/Table1[[#This Row],[estE2E]] -> 0.93752533 | AV94: =Table1[[#This Row],[N]]/Table1[[#This Row],[estE2E]] -> 2.9685083 | AW94: =Table1[[#This Row],[PPS]]/Table1[[#This Row],[In-Tok]] -> 3.4040337 | AX94: =Table1[[#This Row],[RPS]]/Table1[[#This Row],[RPS(IL)]] -> 0.88130736 | AY94: =Table1[[#This Row],[GPS]]/Table1[[#This Row],[Out-Tok]] -> 3.1722875 | AZ94: =Table1[[#This Row],[RPS]]/Table1[[#This Row],[RPS(OL)]] -> 0.94568982 | BA94: =MaxTok/Table1[[#This Row],[tok/req]] -> 73.88805 | BB94: =Table1[[#This Row],[N]]/Table1[[#This Row],[N-max]] -> 0.42734872 | BC94: =Table1[[#This Row],[RPS]] -> 3 | BD94: =Table1[[#This Row],[PPS]]/Table1[[#This Row],[RPS success]] -> 5673.3896 | BE94: =ABS(Table1[[#This Row],[est-In-Tok3]]-Table1[[#This Row],[In-Tok]])/Table1[[#This Row],[In-Tok]] -> 0.13467792 | BF94: =Table1[[#This Row],[GPS]]/Table1[[#This Row],[RPS success]] -> 528.71458 | BG94: =ABS(Table1[[#This Row],[est-Out-Tok3]]-Table1[[#This Row],[Out-Tok]])/Table1[[#This Row],[Out-Tok]] -> 0.057429167 | BH94: =Table1[[#This Row],[est-In-Tok3]]+AvgOutLoad*Table1[[#This Row],[est-Out-Tok3]] -> 5937.7469 | BI94: =ABS(Table1[[#This Row],[est-Tok/Req3]]-Table1[[#This Row],[tok/req]])/Table1[[#This Row],[tok/req]] -> 0.1309994 | BJ94: =MaxTok/Table1[[#This Row],[est-Tok/Req3]] -> 65.329875 | BK94: =ABS(Table1[[#This Row],[est-N-max3]]-Table1[[#This Row],[N-max]])/Table1[[#This Row],[N-max]] -> 0.11582624 | BL94: =MaxTok*Table1[[#This Row],[Kvcache]]/Table1[[#This Row],[Run]] -> 5253.7274 | BM94: =ABS(Table1[[#This Row],[est-Tok/Req]]-Table1[[#This Row],[tok/req]])/Table1[[#This Row],[tok/req]] -> 0.00070998787 | BN94: =MaxTok/Table1[[#This Row],[est-Tok/Req]] -> 73.835628 | BO94: =Table1[[#This Row],[Run]]/Table1[[#This Row],[Kvcache]] -> 73.835628 | BP94: {=_xlfn.CEILING.MATH(INDIRECT("Table1"&BP$3)/BP$2)*BP$2} -> 6000 | BQ94: {=_xlfn.CEILING.MATH(INDIRECT("Table1"&BQ$3)/BQ$2)*BQ$2} -> 0.02 | BR94: {=_xlfn.CEILING.MATH(INDIRECT("Table1"&BR$3)/BR$2)*BR$2} -> 0.4 | BS94: {=_xlfn.CEILING.MATH(INDIRECT("Table1"&BS$3)/BS$2)*BS$2} -> 0.34 | BT94: {=_xlfn.CEILING.MATH(INDIRECT("Table1"&BT$3)/BT$2)*BT$2} -> 26 | BU94: {=_xlfn.CEILING.MATH(INDIRECT("Table1"&BU$3)/BU$2)*BU$2} -> 10 | BV94: {=_xlfn.CEILING.MATH(INDIRECT("Table1"&BV$3)/BV$2)*BV$2} -> 5000 | BY94: 0.56559348 | CQ94: =Table1[[#This Row],[In-Tok]]+AvgOutLoad*Table1[[#This Row],[Out-Tok]] -> 5250
A95: 5000 | B95: 500 | C95: 3.2 | D95: =Table1[[#This Row],[Kvcache]] -> 0.47599172 | E95: 5K,500 | F95: 46092 | H95: 0.32721408 | I95: 0.23780301 | J95: 2.1980676 | K95: 5.0593351 | L95: 6.044407 | M95: 0.024015038 | N95: 12.485494 | O95: 21015.886 | P95: 1909.7 | Q95: 35.2 | R95: 61 | S95: 0.47599172 | T95: 0.83607448 | U95: =(Table1[[#This Row],[In-Tok]]+Table1[[#This Row],[Out-Tok]])*Table1[[#This Row],[RPS]] -> 17600 | V95: =Table1[[#This Row],[In-Tok]]+AvgOutLoad*Table1[[#This Row],[Out-Tok]] -> 5250 | W95: =Table1[[#This Row],[In-Tok]]*Table1[[#This Row],[RPS]] -> 16000 | X95: =Table1[[#This Row],[Out-Tok]]*Table1[[#This Row],[RPS]] -> 1600 | Y95: =Table1[[#This Row],[In-Tok]]/Table1[[#This Row],[Out-Tok]] -> 10 | Z95: =Table1[[#This Row],[In-Tok]]*Table1[[#This Row],[N]]+AvgOutLoad*Table1[[#This Row],[Out-Tok]]*Table1[[#This Row],[Ndecode]] -> 245770.61 | AA95: =Table1[[#This Row],[tok(N)]]/Table1[[#This Row],[Kvcache]] -> 516333.78 | AB95: =Table1[[#This Row],[tok/req]]*Table1[[#This Row],[Run]] -> 184800 | AC95: =Table1[[#This Row],[tok(Run)]]/Table1[[#This Row],[Kvcache]] -> 388242.04 | AD95: =Table1[[#This Row],[tok/req]]*Table1[[#This Row],[MaxRun]] -> 320250 | AE95: =Table1[[#This Row],[tok(MaxRun)]]/Table1[[#This Row],[MaxKvcache]] -> 383040.04 | AF95: =Table1[[#This Row],[PPS]]*Table1[[#This Row],[Prefill]]/Table1[[#This Row],[In-Tok]] -> 0.99952818 | AG95: =Table1[[#This Row],[GPS]]*Table1[[#This Row],[ITL]] -> 45.861517 | AH95: =Table1[[#This Row],[Nprefill]]+Table1[[#This Row],[Ndecode]] -> 46.861045 | AI95: =Table1[[#This Row],[Run]]/Table1[[#This Row],[ITL]]/Table1[[#This Row],[GPS]] -> 0.76752803 | AJ95: =Table1[[#This Row],[Prefill]]+Table1[[#This Row],[ITL]] -> 0.26181805 | AK95: =Table1[[#This Row],[TTFT]]/Table1[[#This Row],[estTTFT]] -> 1.2497766 | AL95: =Table1[[#This Row],[In-Tok]]*Table1[[#This Row],[RPS]]/Table1[[#This Row],[PPS]] -> 0.76132885 | AM95: =Table1[[#This Row],[Prefill]]/Table1[[#This Row],[estPrefill]] -> 0.31235256 | AN95: =Table1[[#This Row],[Prefill]]/Table1[[#This Row],[TTFT]] -> 0.72675056 | AO95: =Table1[[#This Row],[Run]]/(Table1[[#This Row],[Out-Tok]]*Table1[[#This Row],[RPS]]) -> 0.022 | AP95: =Table1[[#This Row],[ITL]]/Table1[[#This Row],[estITL]] -> 1.0915926 | AQ95: =Table1[[#This Row],[E2E]]-Table1[[#This Row],[TTFT]]+Table1[[#This Row],[ITL]] -> 12.182295 | AR95: =Table1[[#This Row],[estDecode]]/Table1[[#This Row],[Run]] -> 0.34608793 | AS95: =Table1[[#This Row],[Prefill]]+Table1[[#This Row],[Out-Tok]]*Table1[[#This Row],[ITL]] -> 12.245322 | AT95: =Table1[[#This Row],[estPrefill]]+Table1[[#This Row],[Out-Tok]]*Table1[[#This Row],[ITL]] -> 12.768848 | AU95: =Table1[[#This Row],[E2E]]/Table1[[#This Row],[estE2E]] -> 0.977809 | AV95: =Table1[[#This Row],[N]]/Table1[[#This Row],[estE2E]] -> 3.669951 | AW95: =Table1[[#This Row],[PPS]]/Table1[[#This Row],[In-Tok]] -> 4.2031771 | AX95: =Table1[[#This Row],[RPS]]/Table1[[#This Row],[RPS(IL)]] -> 0.76132885 | AY95: =Table1[[#This Row],[GPS]]/Table1[[#This Row],[Out-Tok]] -> 3.8194 | AZ95: =Table1[[#This Row],[RPS]]/Table1[[#This Row],[RPS(OL)]] -> 0.83782793 | BA95: =MaxTok/Table1[[#This Row],[tok/req]] -> 73.88805 | BB95: =Table1[[#This Row],[N]]/Table1[[#This Row],[N-max]] -> 0.63421684 | BC95: =Table1[[#This Row],[RPS]] -> 3.2 | BD95: =Table1[[#This Row],[PPS]]/Table1[[#This Row],[RPS success]] -> 6567.4643 | BE95: =ABS(Table1[[#This Row],[est-In-Tok3]]-Table1[[#This Row],[In-Tok]])/Table1[[#This Row],[In-Tok]] -> 0.31349286 | BF95: =Table1[[#This Row],[GPS]]/Table1[[#This Row],[RPS success]] -> 596.78125 | BG95: =ABS(Table1[[#This Row],[est-Out-Tok3]]-Table1[[#This Row],[Out-Tok]])/Table1[[#This Row],[Out-Tok]] -> 0.1935625 | BH95: =Table1[[#This Row],[est-In-Tok3]]+AvgOutLoad*Table1[[#This Row],[est-Out-Tok3]] -> 6865.8549 | BI95: =ABS(Table1[[#This Row],[est-Tok/Req3]]-Table1[[#This Row],[tok/req]])/Table1[[#This Row],[tok/req]] -> 0.30778189 | BJ95: =MaxTok/Table1[[#This Row],[est-Tok/Req3]] -> 56.498756 | BK95: =ABS(Table1[[#This Row],[est-N-max3]]-Table1[[#This Row],[N-max]])/Table1[[#This Row],[N-max]] -> 0.2353465 | BL95: =MaxTok*Table1[[#This Row],[Kvcache]]/Table1[[#This Row],[Run]] -> 5245.5405 | BM95: =ABS(Table1[[#This Row],[est-Tok/Req]]-Table1[[#This Row],[tok/req]])/Table1[[#This Row],[tok/req]] -> 0.00084942274 | BN95: =MaxTok/Table1[[#This Row],[est-Tok/Req]] -> 73.950865 | BO95: =Table1[[#This Row],[Run]]/Table1[[#This Row],[Kvcache]] -> 73.950865 | BP95: {=_xlfn.CEILING.MATH(INDIRECT("Table1"&BP$3)/BP$2)*BP$2} -> 6000 | BQ95: {=_xlfn.CEILING.MATH(INDIRECT("Table1"&BQ$3)/BQ$2)*BQ$2} -> 0.025 | BR95: {=_xlfn.CEILING.MATH(INDIRECT("Table1"&BR$3)/BR$2)*BR$2} -> 0.5 | BS95: {=_xlfn.CEILING.MATH(INDIRECT("Table1"&BS$3)/BS$2)*BS$2} -> 0.48 | BT95: {=_xlfn.CEILING.MATH(INDIRECT("Table1"&BT$3)/BT$2)*BT$2} -> 36 | BU95: {=_xlfn.CEILING.MATH(INDIRECT("Table1"&BU$3)/BU$2)*BU$2} -> 10 | BV95: {=_xlfn.CEILING.MATH(INDIRECT("Table1"&BV$3)/BV$2)*BV$2} -> 5000 | BY95: 0.83607448 | CQ95: =Table1[[#This Row],[In-Tok]]+AvgOutLoad*Table1[[#This Row],[Out-Tok]] -> 5250
A96: 5000 | B96: 500 | C96: 3.4 | D96: =Table1[[#This Row],[Kvcache]] -> 0.47788337 | E96: 5K,500 | F96: 46092 | H96: 2.1085595 | I96: 1.1353691 | J96: 5.8375863 | K96: 16.30083 | L96: 17.474214 | M96: 0.02899487 | N96: 16.191477 | O96: 28098.255 | P96: 2635.7455 | Q96: 35.666667 | R96: 74 | S96: 0.47788337 | T96: 0.98867339 | U96: =(Table1[[#This Row],[In-Tok]]+Table1[[#This Row],[Out-Tok]])*Table1[[#This Row],[RPS]] -> 18700 | V96: =Table1[[#This Row],[In-Tok]]+AvgOutLoad*Table1[[#This Row],[Out-Tok]] -> 5250 | W96: =Table1[[#This Row],[In-Tok]]*Table1[[#This Row],[RPS]] -> 17000 | X96: =Table1[[#This Row],[Out-Tok]]*Table1[[#This Row],[RPS]] -> 1700 | Y96: =Table1[[#This Row],[In-Tok]]/Table1[[#This Row],[Out-Tok]] -> 10 | Z96: =Table1[[#This Row],[In-Tok]]*Table1[[#This Row],[N]]+AvgOutLoad*Table1[[#This Row],[Out-Tok]]*Table1[[#This Row],[Ndecode]] -> 433123.14 | AA96: =Table1[[#This Row],[tok(N)]]/Table1[[#This Row],[Kvcache]] -> 906336.5 | AB96: =Table1[[#This Row],[tok/req]]*Table1[[#This Row],[Run]] -> 187250 | AC96: =Table1[[#This Row],[tok(Run)]]/Table1[[#This Row],[Kvcache]] -> 391832.01 | AD96: =Table1[[#This Row],[tok/req]]*Table1[[#This Row],[MaxRun]] -> 388500 | AE96: =Table1[[#This Row],[tok(MaxRun)]]/Table1[[#This Row],[MaxKvcache]] -> 392950.8 | AF96: =Table1[[#This Row],[PPS]]*Table1[[#This Row],[Prefill]]/Table1[[#This Row],[In-Tok]] -> 6.3803781 | AG96: =Table1[[#This Row],[GPS]]*Table1[[#This Row],[ITL]] -> 76.423096 | AH96: =Table1[[#This Row],[Nprefill]]+Table1[[#This Row],[Ndecode]] -> 82.803474 | AI96: =Table1[[#This Row],[Run]]/Table1[[#This Row],[ITL]]/Table1[[#This Row],[GPS]] -> 0.4667001 | AJ96: =Table1[[#This Row],[Prefill]]+Table1[[#This Row],[ITL]] -> 1.164364 | AK96: =Table1[[#This Row],[TTFT]]/Table1[[#This Row],[estTTFT]] -> 1.810911 | AL96: =Table1[[#This Row],[In-Tok]]*Table1[[#This Row],[RPS]]/Table1[[#This Row],[PPS]] -> 0.60501979 | AM96: =Table1[[#This Row],[Prefill]]/Table1[[#This Row],[estPrefill]] -> 1.8765818 | AN96: =Table1[[#This Row],[Prefill]]/Table1[[#This Row],[TTFT]] -> 0.53845722 | AO96: =Table1[[#This Row],[Run]]/(Table1[[#This Row],[Out-Tok]]*Table1[[#This Row],[RPS]]) -> 0.020980392 | AP96: =Table1[[#This Row],[ITL]]/Table1[[#This Row],[estITL]] -> 1.3819985 | AQ96: =Table1[[#This Row],[E2E]]-Table1[[#This Row],[TTFT]]+Table1[[#This Row],[ITL]] -> 14.111912 | AR96: =Table1[[#This Row],[estDecode]]/Table1[[#This Row],[Run]] -> 0.39566108 | AS96: =Table1[[#This Row],[Prefill]]+Table1[[#This Row],[Out-Tok]]*Table1[[#This Row],[ITL]] -> 15.632804 | AT96: =Table1[[#This Row],[estPrefill]]+Table1[[#This Row],[Out-Tok]]*Table1[[#This Row],[ITL]] -> 15.102455 | AU96: =Table1[[#This Row],[E2E]]/Table1[[#This Row],[estE2E]] -> 1.0721089 | AV96: =Table1[[#This Row],[N]]/Table1[[#This Row],[estE2E]] -> 5.4827825 | AW96: =Table1[[#This Row],[PPS]]/Table1[[#This Row],[In-Tok]] -> 5.6196509 | AX96: =Table1[[#This Row],[RPS]]/Table1[[#This Row],[RPS(IL)]] -> 0.60501979 | AY96: =Table1[[#This Row],[GPS]]/Table1[[#This Row],[Out-Tok]] -> 5.2714909 | AZ96: =Table1[[#This Row],[RPS]]/Table1[[#This Row],[RPS(OL)]] -> 0.64497882 | BA96: =MaxTok/Table1[[#This Row],[tok/req]] -> 73.88805 | BB96: =Table1[[#This Row],[N]]/Table1[[#This Row],[N-max]] -> 1.1206612 | BC96: =Table1[[#This Row],[RPS]] -> 3.4 | BD96: =Table1[[#This Row],[PPS]]/Table1[[#This Row],[RPS success]] -> 8264.1925 | BE96: =ABS(Table1[[#This Row],[est-In-Tok3]]-Table1[[#This Row],[In-Tok]])/Table1[[#This Row],[In-Tok]] -> 0.6528385 | BF96: =Table1[[#This Row],[GPS]]/Table1[[#This Row],[RPS success]] -> 775.21925 | BG96: =ABS(Table1[[#This Row],[est-Out-Tok3]]-Table1[[#This Row],[Out-Tok]])/Table1[[#This Row],[Out-Tok]] -> 0.5504385 | BH96: =Table1[[#This Row],[est-In-Tok3]]+AvgOutLoad*Table1[[#This Row],[est-Out-Tok3]] -> 8651.8021 | BI96: =ABS(Table1[[#This Row],[est-Tok/Req3]]-Table1[[#This Row],[tok/req]])/Table1[[#This Row],[tok/req]] -> 0.64796231 | BJ96: =MaxTok/Table1[[#This Row],[est-Tok/Req3]] -> 44.836007 | BK96: =ABS(Table1[[#This Row],[est-N-max3]]-Table1[[#This Row],[N-max]])/Table1[[#This Row],[N-max]] -> 0.39319001 | BL96: =MaxTok*Table1[[#This Row],[Kvcache]]/Table1[[#This Row],[Run]] -> 5197.4809 | BM96: =ABS(Table1[[#This Row],[est-Tok/Req]]-Table1[[#This Row],[tok/req]])/Table1[[#This Row],[tok/req]] -> 0.010003632 | BN96: =MaxTok/Table1[[#This Row],[est-Tok/Req]] -> 74.634668 | BO96: =Table1[[#This Row],[Run]]/Table1[[#This Row],[Kvcache]] -> 74.634668 | BP96: {=_xlfn.CEILING.MATH(INDIRECT("Table1"&BP$3)/BP$2)*BP$2} -> 6000 | BQ96: {=_xlfn.CEILING.MATH(INDIRECT("Table1"&BQ$3)/BQ$2)*BQ$2} -> 0.03 | BR96: {=_xlfn.CEILING.MATH(INDIRECT("Table1"&BR$3)/BR$2)*BR$2} -> 0.5 | BS96: {=_xlfn.CEILING.MATH(INDIRECT("Table1"&BS$3)/BS$2)*BS$2} -> 0.48 | BT96: {=_xlfn.CEILING.MATH(INDIRECT("Table1"&BT$3)/BT$2)*BT$2} -> 36 | BU96: {=_xlfn.CEILING.MATH(INDIRECT("Table1"&BU$3)/BU$2)*BU$2} -> 10 | BV96: {=_xlfn.CEILING.MATH(INDIRECT("Table1"&BV$3)/BV$2)*BV$2} -> 5000 | BY96: 0.98867339 | CQ96: =Table1[[#This Row],[In-Tok]]+AvgOutLoad*Table1[[#This Row],[Out-Tok]] -> 5250
